name,score,event,year
Angela NIKODINOV,149.5,US,2005
Cynthia PHANEUF,144.4,US,2005
Miki ANDO,142.64,US,2005
Alissa CZISNY,141.36,US,2005
Susanna PÖYKIÖ,140.38,US,2005
Elena LIASHENKO,135.8,US,2005
Yukina OTA,130.7,US,2005
Miriam MANZANO,125.3,US,2005
Idora HEGEL,116.98,US,2005
Anne Sophie CALVEZ,102.88,US,2005
Fan ZHANG,85.52,US,2005
Cynthia PHANEUF,159.66,CA,2005
Yoshie ONDA,151.54,CA,2005
Susanna POYKIO,148.94,CA,2005
Fumie SUGURI,148.32,CA,2005
Carolina KOSTNER,138.94,CA,2005
Julia SEBESTYEN,132.74,CA,2005
Mira LEUNG,123.96,CA,2005
Jenna McCORKELL,121.76,CA,2005
Lina JOHANSSON,118.8,CA,2005
Lesley HAWKER,118.1,CA,2005
Yukari NAKANO,113.68,CA,2005
Zuzana BABIAKOVA,103.52,CA,2005
Joannie ROCHETTE,168.72,FR,2005
Carolina KOSTNER,143.5,FR,2005
Julia SEBESTYEN,136.52,FR,2005
Fumie SUGURI,131.3,FR,2005
Amber CORWIN,127.88,FR,2005
Annette DYTRT,123.8,FR,2005
Anne Sophie CALVEZ,118.46,FR,2005
Tatiana BASOVA,110.66,FR,2005
Alisa DREI,107.08,FR,2005
Valentina MARCHEI,106.24,FR,2005
Dan FANG,98.9,FR,2005
Irina SLUTSKAYA,183.02,RU,2005
Shizuka ARAKAWA,155.52,RU,2005
Julia SEBESTYEN,155.06,RU,2005
Elena SOKOLOVA,147.94,RU,2005
Annette DYTRT,136.2,RU,2005
Galina MANIACHENKO,136.16,RU,2005
Carolina KOSTNER,128.92,RU,2005
Yan LIU,119.6,RU,2005
Daria TIMOSHENKO,116.74,RU,2005
Jennifer KIRK,114.54,RU,2005
Tatiana BASOVA,108.26,RU,2005
Elina KETTUNEN,106.74,RU,2005
Irina SLUTSKAYA,177.8,CN,2005
Viktoria VOLCHKOVA,154.16,CN,2005
Joannie ROCHETTE,152.12,CN,2005
Miki ANDO,150.32,CN,2005
Elina KETTUNEN,138.4,CN,2005
Jenna McCORKELL,131.08,CN,2005
Mira LEUNG,128.9,CN,2005
Angela NIKODINOV,124.5,CN,2005
Dan FANG,121.2,CN,2005
Yan LIU,120.24,CN,2005
Yukari NAKANO,116.94,CN,2005
Shizuka ARAKAWA,179.06,JP,2005
Miki ANDO,170.36,JP,2005
Elena SOKOLOVA,148.76,JP,2005
Yoshie ONDA,146.68,JP,2005
Viktoria VOLCHKOVA,141.72,JP,2005
Elena LIASHENKO,138.32,JP,2005
Miriam MANZANO,128.42,JP,2005
Amber CORWIN,127.24,JP,2005
Alisa DREI,126.6,JP,2005
Idora HEGEL,111.22,JP,2005
Valentina MARCHEI,95.18,JP,2005
Irina SLUTSKAYA,180.88,FN,2005
Shizuka ARAKAWA,160.24,FN,2005
Joannie ROCHETTE,156.68,FN,2005
Miki ANDO,151.1,FN,2005
Yoshie ONDA,138.22,FN,2005
Cynthia PHANEUF,134.06,FN,2005
SLUTSKAYA Irina,168.71,EU,2005
POYKIO Susanna,158.93,EU,2005
LIASHENKO Elena,158.02,EU,2005
SEBESTYEN Julia,157.13,EU,2005
SOKOLOVA Elena,150.88,EU,2005
MANIACHENKO Galina,145.86,EU,2005
KOSTNER Carolina,142.71,EU,2005
TIMOSHENKO Daria,132.19,EU,2005
HEGEL Idora,132.01,EU,2005
MEIER Sarah,129.63,EU,2005
KETTUNEN Elina,128.58,EU,2005
DYTRT Annette,127.13,EU,2005
KORPI Kiira,125.46,EU,2005
MAXWELL Fleur,123.24,EU,2005
LUCA Roxana,121.22,EU,2005
McCORKELL Jenna,120.91,EU,2005
JOHANSSON Lina,110.04,EU,2005
POTH Diana,108.89,EU,2005
KARADEMIR Tugba,106.98,EU,2005
VENHUIZEN Karen,105.45,EU,2005
DIDIER Candice,102.87,EU,2005
RADEVA Sonia,101.84,EU,2005
KREUZER Andrea,92.82,EU,2005
PADAR Bianka,92.18,EU,2005
Fumie SUGURI,178.66,4C,2005
Yoshie ONDA,166.8,4C,2005
Jennifer KIRK,148.06,4C,2005
Joanne CARTER,134.09,4C,2005
Lesley HAWKER,133.2,4C,2005
Amber CORWIN,132.36,4C,2005
Beatrisa LIANG,130.78,4C,2005
Yan LIU,128.5,4C,2005
Miriam MANZANO,122.72,4C,2005
Ji Eun CHOI,122.68,4C,2005
Yukari NAKANO,121.74,4C,2005
Dan FANG,120.56,4C,2005
Vicky BOISSONNEAULT,119.06,4C,2005
Chae-Hwa KIM,117.84,4C,2005
Na HOU,112.26,4C,2005
Michelle CANTU,93.99,4C,2005
Yea-Ji SHIN,91.92,4C,2005
Shirene HUMAN,88.0,4C,2005
Diane CHEN,86.02,4C,2005
Jenna-Anne BUYS,82.38,4C,2005
Sarah-Yvonne PRYTULA,82.16,4C,2005
Ana Cecilia CANTU,81.88,4C,2005
Gladys OROZCO,79.03,4C,2005
Shirley Hsin Hui TSAI,66.28,4C,2005
Irina SLUTSKAYA,222.71,WR,2005
Sasha COHEN,214.39,WR,2005
Carolina KOSTNER,200.56,WR,2005
Michelle KWAN,200.19,WR,2005
Fumie SUGURI,196.01,WR,2005
Miki ANDO,193.14,WR,2005
Elena SOKOLOVA,189.48,WR,2005
Susanna POYKIO,187.67,WR,2005
Shizuka ARAKAWA,185.73,WR,2005
Elena LIASHENKO,174.18,WR,2005
Joannie ROCHETTE,172.99,WR,2005
Julia SEBESTYEN,167.56,WR,2005
Idora HEGEL,164.97,WR,2005
Sarah MEIER,164.68,WR,2005
Annette DYTRT,163.49,WR,2005
Joanne CARTER,163.38,WR,2005
Jennifer KIRK,156.81,WR,2005
Viktoria PAVUK,148.46,WR,2005
Lina JOHANSSON,145.94,WR,2005
Cynthia PHANEUF,143.44,WR,2005
Yan LIU,142.33,WR,2005
Jenna McCORKELL,142.0,WR,2005
Candice DIDIER,129.68,WR,2005
Karen VENHUIZEN,125.58,WR,2005
Elena SOKOLOVA,163.02,US,2006
Alissa CZISNY,159.3,US,2006
Yoshie ONDA,150.98,US,2006
Beatrisa LIANG,133.0,US,2006
Emily HUGHES,126.78,US,2006
Mira LEUNG,125.82,US,2006
Constanze PAULINUS,122.06,US,2006
Julia SEBESTYEN,121.78,US,2006
Dan FANG,112.26,US,2006
Idora HEGEL,106.42,US,2006
Alissa CZISNY,168.32,CA,2006
Joannie ROCHETTE,158.3,CA,2006
Yukari NAKANO,149.54,CA,2006
Yan LIU,142.58,CA,2006
Sarah MEIER,141.78,CA,2006
Mira LEUNG,134.3,CA,2006
Carolina KOSTNER,132.64,CA,2006
Fumie SUGURI,132.0,CA,2006
Lesley HAWKER,127.8,CA,2006
Joanne CARTER,116.7,CA,2006
Mao ASADA,182.42,FR,2006
Sasha COHEN,175.12,FR,2006
Shizuka ARAKAWA,173.3,FR,2006
Joannie ROCHETTE,167.22,FR,2006
Kimmie MEISSNER,155.72,FR,2006
Elena SOKOLOVA,152.52,FR,2006
Annette DYTRT,131.88,FR,2006
Galina EFREMENKO,107.98,FR,2006
Anne Sophie CALVEZ,102.9,FR,2006
Fleur MAXWELL,102.44,FR,2006
Nadege BOBILLIER,101.96,FR,2006
Irina SLUTSKAYA,198.06,RU,2006
Miki ANDO,172.3,RU,2006
Yoshie ONDA,142.4,RU,2006
Susanna PÖYKIÖ,131.3,RU,2006
Emily HUGHES,125.76,RU,2006
Julia SEBESTYEN,124.38,RU,2006
Anastasia GIMAZETDINOVA,121.96,RU,2006
Amber CORWIN,115.0,RU,2006
Na HOU,107.62,RU,2006
Tatiana BASOVA,102.76,RU,2006
Irina SLUTSKAYA,196.12,CN,2006
Mao ASADA,176.6,CN,2006
Shizuka ARAKAWA,173.6,CN,2006
Elena LIASHENKO,160.7,CN,2006
Yan LIU,145.92,CN,2006
Viktoria PAVUK,129.84,CN,2006
Dan FANG,122.54,CN,2006
Na HOU,106.34,CN,2006
Idora HEGEL,104.78,CN,2006
Amber CORWIN,91.06,CN,2006
Yukari NAKANO,158.66,JP,2006
Fumie SUGURI,158.48,JP,2006
Elena LIASHENKO,156.52,JP,2006
Miki ANDO,154.34,JP,2006
Kimmie MEISSNER,152.18,JP,2006
Carolina KOSTNER,145.42,JP,2006
Sarah MEIER,142.56,JP,2006
Annette DYTRT,125.38,JP,2006
Viktoria PAVUK,125.04,JP,2006
Karen VENHUIZEN,105.56,JP,2006
Miriam MANZANO,103.3,JP,2006
Mao ASADA,189.62,FN,2006
Irina SLUTSKAYA,181.48,FN,2006
Yukari NAKANO,161.82,FN,2006
Miki ANDO,157.3,FN,2006
Elena SOKOLOVA,150.08,FN,2006
Alissa CZISNY,140.9,FN,2006
Irina SLUTSKAYA,193.24,EU,2006
Elena SOKOLOVA,177.81,EU,2006
Carolina KOSTNER,172.45,EU,2006
Sarah MEIER,167.16,EU,2006
Elene GEDEVANISHVILI,153.27,EU,2006
Kiira KORPI,146.37,EU,2006
Susanna PÖYKIÖ,144.75,EU,2006
Alisa DREI,141.55,EU,2006
Viktoria VOLCHKOVA,131.88,EU,2006
Annette DYTRT,131.11,EU,2006
Idora HEGEL,127.15,EU,2006
Viktoria PAVUK,126.88,EU,2006
Tugba KARADEMIR,124.72,EU,2006
Julia SEBESTYEN,121.9,EU,2006
Elena GLEBOVA,116.59,EU,2006
Sonia RADEVA,114.24,EU,2006
Nadege BOBILLIER,112.88,EU,2006
Andrea KREUZER,111.95,EU,2006
Valentina MARCHEI,111.66,EU,2006
Teodora POSTIC,111.15,EU,2006
Martine ZUIDERWIJK,104.77,EU,2006
Ekaterina PROYDA,96.47,EU,2006
Jacqueline BELENYESIOVA,94.93,EU,2006
Lina JOHANSSON,90.61,EU,2006
Katy TAYLOR,164.05,4C,2006
Yukari NAKANO,161.49,4C,2006
Beatrisa LIANG,159.91,4C,2006
Lesley HAWKER,145.94,4C,2006
Meagan DUHAMEL,145.28,4C,2006
Mai ASADA,141.65,4C,2006
Yan LIU,138.55,4C,2006
Joanne CARTER,133.97,4C,2006
Akiko KITAMURA,132.04,4C,2006
Christine ZUKOWSKI,131.42,4C,2006
Amelie LACOSTE,127.29,4C,2006
Miriam MANZANO,114.37,4C,2006
Ji Eun CHOI,112.42,4C,2006
Chae-Hwa KIM,112.0,4C,2006
Dan FANG,105.67,4C,2006
Michelle CANTU,99.07,4C,2006
Yea-Ji SHIN,92.36,4C,2006
Ana Cecilia CANTU,92.22,4C,2006
Tammy SUTAN,90.8,4C,2006
Emily NAPHTAL,82.55,4C,2006
Diane CHEN,80.61,4C,2006
Laura DOWNING,73.42,4C,2006
Megan ALLELY,64.23,4C,2006
ARAKAWA Shizuka,191.34,OL,2006
COHEN Sasha,183.36,OL,2006
SLUTSKAYA Irina,181.44,OL,2006
SUGURI Fumie,175.23,OL,2006
ROCHETTE Joannie,167.27,OL,2006
MEISSNER Kimmie,165.71,OL,2006
HUGHES Emily,160.87,OL,2006
MEIER Sarah,156.13,OL,2006
KOSTNER Carolina,153.5,OL,2006
GEDEVANISHVILI Elene,151.46,OL,2006
LIU Yan,145.3,OL,2006
LEUNG Mira,145.16,OL,2006
POYKIO Susanna,143.22,OL,2006
SOKOLOVA Elena,142.35,OL,2006
ANDO Miki,140.2,OL,2006
KORPI Kiira,137.2,OL,2006
LIASHENKO Elena,134.08,OL,2006
SEBESTYEN Julia,129.26,OL,2006
HEGEL Idora,127.07,OL,2006
EFREMENKO Galina,125.37,OL,2006
KARADEMIR Tugba,123.64,OL,2006
FONTANA Silvia,120.37,OL,2006
PAVUK Viktoria,119.85,OL,2006
MAXWELL Fleur,109.57,OL,2006
Kimmie MEISSNER,218.33,WR,2006
Fumie SUGURI,209.74,WR,2006
Sasha COHEN,208.88,WR,2006
Elena SOKOLOVA,202.27,WR,2006
Yukari NAKANO,195.65,WR,2006
Sarah MEIER,195.11,WR,2006
Joannie ROCHETTE,189.41,WR,2006
Emily HUGHES,184.75,WR,2006
Susanna POYKIO,180.06,WR,2006
Kiira KORPI,176.65,WR,2006
Yoshie ONDA,172.46,WR,2006
Carolina KOSTNER,172.45,WR,2006
Mira LEUNG,168.8,WR,2006
Elene GEDEVANISHVILI,164.92,WR,2006
Idora HEGEL,163.58,WR,2006
Yan LIU,159.05,WR,2006
Amanda NYLANDER,154.08,WR,2006
Tugba KARADEMIR,153.25,WR,2006
Arina MARTINOVA,149.89,WR,2006
Galina EFREMENKO,149.65,WR,2006
Anastasia GIMAZETDINOVA,149.43,WR,2006
Julia SEBESTYEN,142.3,WR,2006
Valentina MARCHEI,141.51,WR,2006
Annette DYTRT,137.31,WR,2006
Miki ANDO,192.59,US,2007
Kimmie MEISSNER,177.78,US,2007
Mao ASADA,171.23,US,2007
Sarah MEIER,169.01,US,2007
Emily HUGHES,147.34,US,2007
Mai ASADA,138.29,US,2007
Kiira KORPI,132.93,US,2007
Mira LEUNG,128.07,US,2007
Valentina MARCHEI,116.81,US,2007
Michelle CANTU,108.04,US,2007
Katy TAYLOR,106.07,US,2007
Joannie ROCHETTE,173.86,CA,2007
Fumie SUGURI,168.76,CA,2007
Yu-Na KIM,168.48,CA,2007
Alissa CZISNY,163.69,CA,2007
Susanna POYKIO,161.58,CA,2007
Mira LEUNG,150.92,CA,2007
Yoshie ONDA,146.95,CA,2007
Binshu XU,142.7,CA,2007
Lesley HAWKER,136.68,CA,2007
Alisa DREI,121.65,CA,2007
Tugba KARADEMIR,112.09,CA,2007
Katy TAYLOR,110.57,CA,2007
Yu-Na KIM,184.54,FR,2007
Miki ANDO,174.44,FR,2007
Kimmie MEISSNER,158.03,FR,2007
Joannie ROCHETTE,151.52,FR,2007
Susanna POYKIO,148.81,FR,2007
Valentina MARCHEI,129.73,FR,2007
Christine ZUKOWSKI,123.59,FR,2007
Anne Sophie CALVEZ,123.26,FR,2007
Nadege BOBILLIER,109.88,FR,2007
Sonia RADEVA,95.74,FR,2007
Candice DIDIER,91.68,FR,2007
Sarah MEIER,159.17,RU,2007
Julia SEBESTYEN,146.75,RU,2007
Yoshie ONDA,143.6,RU,2007
Elena SOKOLOVA,143.11,RU,2007
Aki SAWADA,142.04,RU,2007
Kiira KORPI,137.41,RU,2007
Arina MARTINOVA,134.91,RU,2007
Viktoria VOLCHKOVA,130.83,RU,2007
Alissa CZISNY,121.21,RU,2007
Yan LIU,114.65,RU,2007
Anastasia GIMAZETDINOVA,114.12,RU,2007
Viktoria PAVUK,111.74,RU,2007
Julia SEBESTYEN,153.8,CN,2007
Yukari NAKANO,151.27,CN,2007
Emily HUGHES,151.12,CN,2007
Binshu XU,136.31,CN,2007
Beatrisa LIANG,134.99,CN,2007
Mai ASADA,134.27,CN,2007
Elena SOKOLOVA,134.17,CN,2007
Aki SAWADA,133.33,CN,2007
Yan LIU,125.23,CN,2007
Chae-Hwa KIM,115.19,CN,2007
Dan FANG,113.38,CN,2007
Roxana LUCA,100.83,CN,2007
Mao ASADA,199.52,JP,2007
Fumie SUGURI,179.31,JP,2007
Yukari NAKANO,160.93,JP,2007
Beatrisa LIANG,129.32,JP,2007
Christine ZUKOWSKI,127.94,JP,2007
Dan FANG,127.85,JP,2007
Arina MARTINOVA,127.23,JP,2007
Lesley HAWKER,120.85,JP,2007
Chae-Hwa KIM,117.87,JP,2007
Tugba KARADEMIR,112.59,JP,2007
Jenna McCORKELL,97.95,JP,2007
Yu-Na KIM,184.2,FN,2007
Mao ASADA,172.52,FN,2007
Sarah MEIER,170.28,FN,2007
Fumie SUGURI,158.78,FN,2007
Miki ANDO,157.32,FN,2007
Julia SEBESTYEN,142.69,FN,2007
Carolina KOSTNER,174.79,EU,2007
Sarah MEIER,171.28,EU,2007
Kiira KORPI,151.19,EU,2007
Susanna POYKIO,146.02,EU,2007
Valentina MARCHEI,144.28,EU,2007
Alisa DREI,141.9,EU,2007
Elena SOKOLOVA,139.71,EU,2007
Elene GEDEVANISHVILI,137.32,EU,2007
Julia SEBESTYEN,136.05,EU,2007
Tugba KARADEMIR,131.0,EU,2007
Alexandra IEVLEVA,126.99,EU,2007
Elena GLEBOVA,126.8,EU,2007
Tamar KATZ,126.09,EU,2007
Lina JOHANSSON,120.64,EU,2007
Jenna McCORKELL,120.47,EU,2007
Idora HEGEL,119.96,EU,2007
Anne Sophie CALVEZ,116.96,EU,2007
Viktoria PAVUK,110.98,EU,2007
Kristin WIECZOREK,110.2,EU,2007
Christiane BERGER,109.17,EU,2007
Roxana LUCA,108.34,EU,2007
Anna JURKIEWICZ,107.31,EU,2007
Radka BARTOVA,105.12,EU,2007
Irina MOVCHAN,102.94,EU,2007
Kimmie MEISSNER,172.75,4C,2007
Emily HUGHES,166.6,4C,2007
Joannie ROCHETTE,165.9,4C,2007
Aki SAWADA,156.88,4C,2007
Alissa CZISNY,154.03,4C,2007
Yoshie ONDA,152.61,4C,2007
Lesley HAWKER,138.23,4C,2007
Binshu XU,133.09,4C,2007
Yan LIU,126.69,4C,2007
Dan FANG,125.2,4C,2007
Yea-Ji SHIN,123.44,4C,2007
Anastasia GIMAZETDINOVA,123.39,4C,2007
Na-Young KIM,122.28,4C,2007
Chae-Hwa KIM,121.11,4C,2007
Cynthia PHANEUF,120.01,4C,2007
Joanne CARTER,108.4,4C,2007
Ana Cecilia CANTU,100.64,4C,2007
Emily NAPHTAL,96.26,4C,2007
Jocelyn HO,95.56,4C,2007
Ami PAREKH,94.56,4C,2007
Phoebe DI TOMMASO,92.92,4C,2007
Michele CANTU,90.63,4C,2007
Abigail PIETERSEN,74.3,4C,2007
Miki ANDO,195.09,WR,2007
Mao ASADA,194.45,WR,2007
Yu-Na KIM,186.14,WR,2007
Kimmie MEISSNER,180.23,WR,2007
Yukari NAKANO,168.92,WR,2007
Carolina KOSTNER,168.92,WR,2007
Sarah MEIER,160.8,WR,2007
Susanna POYKIO,160.12,WR,2007
Emily HUGHES,159.06,WR,2007
Joannie ROCHETTE,158.98,WR,2007
Valentina MARCHEI,153.6,WR,2007
Julia SEBESTYEN,153.5,WR,2007
Elena SOKOLOVA,149.77,WR,2007
Kiira KORPI,149.47,WR,2007
Alissa CZISNY,147.74,WR,2007
Arina MARTINOVA,145.28,WR,2007
Elene GEDEVANISHVILI,144.4,WR,2007
Elena GLEBOVA,131.18,WR,2007
Anastasia GIMAZETDINOVA,130.44,WR,2007
Joanne CARTER,127.17,WR,2007
Idora HEGEL,125.66,WR,2007
Yan LIU,123.22,WR,2007
Tamar KATZ,122.51,WR,2007
Mira LEUNG,120.74,WR,2007
Kimmie MEISSNER,163.23,US,2008
Miki ANDO,161.89,US,2008
Caroline ZHANG,153.35,US,2008
Emily HUGHES,140.5,US,2008
Mira LEUNG,139.14,US,2008
Elene GEDEVANISHVILI,126.06,US,2008
Alexandra IEVLEVA,124.84,US,2008
Mai ASADA,120.49,US,2008
Tugba KARADEMIR,119.26,US,2008
Valentina MARCHEI,116.44,US,2008
Binshu XU,112.46,US,2008
Mao ASADA,177.66,CA,2008
Yukari NAKANO,169.43,CA,2008
Joannie ROCHETTE,168.18,CA,2008
Emily HUGHES,162.42,CA,2008
Ashley WAGNER,150.06,CA,2008
Nana TAKEDA,148.05,CA,2008
Laura LEPISTO,147.69,CA,2008
Elena GLEBOVA,145.69,CA,2008
Lesley HAWKER,136.55,CA,2008
Cynthia PHANEUF,129.17,CA,2008
Alisa DREI,123.9,CA,2008
Idora HEGEL,120.32,CA,2008
Mao ASADA,179.8,FR,2008
Kimmie MEISSNER,158.74,FR,2008
Ashley WAGNER,158.63,FR,2008
Sarah MEIER,147.15,FR,2008
Mira LEUNG,144.57,FR,2008
Elena GLEBOVA,141.71,FR,2008
Viktoria PAVUK,137.73,FR,2008
Gwendoline DIDIER,120.14,FR,2008
Valentina MARCHEI,118.99,FR,2008
Dan FANG,111.65,FR,2008
Aki SAWADA,99.18,FR,2008
Anastasia GIMAZETDINOVA,98.9,FR,2008
Yu-Na KIM,197.2,RU,2008
Yukari NAKANO,172.77,RU,2008
Joannie ROCHETTE,169.91,RU,2008
Kiira KORPI,154.26,RU,2008
Fumie SUGURI,148.15,RU,2008
Nina PETUSHKOVA,138.79,RU,2008
Julia SEBESTYEN,134.98,RU,2008
Beatrisa LIANG,134.6,RU,2008
Yan LIU,126.14,RU,2008
Katarina GERBOLDT,121.1,RU,2008
Kristin WIECZOREK,109.61,RU,2008
Arina MARTINOVA,101.43,RU,2008
Yu-Na KIM,180.68,CN,2008
Caroline ZHANG,156.34,CN,2008
Carolina KOSTNER,143.86,CN,2008
Fumie SUGURI,137.13,CN,2008
Julia SEBESTYEN,136.6,CN,2008
Beatrisa LIANG,127.42,CN,2008
Dan FANG,124.58,CN,2008
Susanna POYKIO,124.0,CN,2008
Alissa CZISNY,120.43,CN,2008
Binshu XU,119.63,CN,2008
Arina MARTINOVA,117.38,CN,2008
Yueren WANG,109.71,CN,2008
Carolina KOSTNER,164.69,JP,2008
Sarah MEIER,163.17,JP,2008
Nana TAKEDA,154.83,JP,2008
Miki ANDO,145.81,JP,2008
Laura LEPISTO,145.58,JP,2008
Alissa CZISNY,144.32,JP,2008
Lesley HAWKER,139.96,JP,2008
Elene GEDEVANISHVILI,136.54,JP,2008
Chae-Hwa KIM,122.76,JP,2008
Yan LIU,119.66,JP,2008
Yu-Na KIM,196.83,FN,2008
Mao ASADA,191.59,FN,2008
Carolina KOSTNER,178.93,FN,2008
Caroline ZHANG,176.48,FN,2008
Yukari NAKANO,172.96,FN,2008
Kimmie MEISSNER,154.22,FN,2008
Carolina KOSTNER,171.28,EU,2008
Sarah MEIER,169.44,EU,2008
Laura LEPISTO,165.65,EU,2008
Julia SEBESTYEN,162.89,EU,2008
Kiira KORPI,162.22,EU,2008
Valentina MARCHEI,153.34,EU,2008
Elene GEDEVANISHVILI,147.09,EU,2008
Jenna McCORKELL,145.57,EU,2008
Ksenia DORONINA,144.2,EU,2008
Jenni VAHAMAA,142.4,EU,2008
Tugba KARADEMIR,138.73,EU,2008
Annette DYTRT,132.95,EU,2008
Stefania BERTON,130.59,EU,2008
Karen VENHUIZEN,126.3,EU,2008
Nella SIMAOVA,124.39,EU,2008
Tamar KATZ,123.41,EU,2008
Nina PETUSHKOVA,122.97,EU,2008
Viktoria HELGESSON,121.42,EU,2008
Anna JURKIEWICZ,120.76,EU,2008
Sonia LAFUENTE,119.66,EU,2008
Katherine HADFORD,115.99,EU,2008
Roxana LUCA,104.72,EU,2008
Viviane KAESER,103.83,EU,2008
Olga IKONNIKOVA,101.2,EU,2008
Maria DIKANOVIC,76.24,EU,2008
Mao ASADA,193.25,4C,2008
Joannie ROCHETTE,179.54,4C,2008
Miki ANDO,177.66,4C,2008
Na-Young KIM,158.49,4C,2008
Mira LEUNG,157.36,4C,2008
Katrina HACKER,153.86,4C,2008
Cynthia PHANEUF,152.67,4C,2008
Ashley WAGNER,152.46,4C,2008
Anastasia GIMAZETDINOVA,150.07,4C,2008
Fumie SUGURI,145.06,4C,2008
Beatrisa LIANG,144.25,4C,2008
Yueren WANG,129.88,4C,2008
Binshu XU,128.39,4C,2008
Yan LIU,124.09,4C,2008
Melinda Sherilyn WANG,119.58,4C,2008
Chae-Hwa KIM,115.85,4C,2008
Loretta HAMUI,99.89,4C,2008
Ana Cecilia CANTU,94.76,4C,2008
Tina WANG,94.28,4C,2008
Lejeanne MARAIS,90.52,4C,2008
Tamami ONO,88.96,4C,2008
Gracielle Jeanne TAN,80.88,4C,2008
Charissa TANSOMBOON,79.28,4C,2008
Corenne BRUHNS,76.89,4C,2008
Mao ASADA,185.56,WR,2008
Carolina KOSTNER,184.68,WR,2008
Yu-Na KIM,183.23,WR,2008
Yukari NAKANO,177.4,WR,2008
Joannie ROCHETTE,174.12,WR,2008
Sarah MEIER,171.88,WR,2008
Kimmie MEISSNER,149.74,WR,2008
Laura LEPISTO,147.26,WR,2008
Kiira KORPI,145.73,WR,2008
Beatrisa LIANG,145.29,WR,2008
Julia SEBESTYEN,145.17,WR,2008
Annette DYTRT,144.31,WR,2008
Valentina MARCHEI,142.93,WR,2008
Mira LEUNG,140.59,WR,2008
Elena GLEBOVA,140.1,WR,2008
Ashley WAGNER,137.4,WR,2008
Ksenia DORONINA,135.25,WR,2008
Viktoria HELGESSON,127.96,WR,2008
Na-Young KIM,127.32,WR,2008
Elene GEDEVANISHVILI,125.99,WR,2008
Anastasia GIMAZETDINOVA,124.92,WR,2008
Tamar KATZ,116.86,WR,2008
Melinda Sherilyn WANG,116.12,WR,2008
Yu-Na KIM,193.45,US,2009
Yukari NAKANO,172.53,US,2009
Miki ANDO,168.42,US,2009
Rachael FLATT,155.73,US,2009
Mirai NAGASU,142.9,US,2009
Susanna POYKIO,142.14,US,2009
Mira LEUNG,136.16,US,2009
Kimmie MEISSNER,135.92,US,2009
Yan LIU,128.12,US,2009
Annette DYTRT,116.83,US,2009
Tugba KARADEMIR,113.91,US,2009
Joannie ROCHETTE,188.89,CA,2009
Fumie SUGURI,163.86,CA,2009
Alissa CZISNY,157.92,CA,2009
Carolina KOSTNER,152.76,CA,2009
Caroline ZHANG,150.8,CA,2009
Beatrisa LIANG,142.12,CA,2009
Jenna MCCORKELL,139.37,CA,2009
Cynthia PHANEUF,133.47,CA,2009
Nana TAKEDA,128.93,CA,2009
Jenni VAHAMAA,122.75,CA,2009
Elena GLEBOVA,116.38,CA,2009
Joannie ROCHETTE,180.73,FR,2009
Mao ASADA,167.59,FR,2009
Caroline ZHANG,156.54,FR,2009
Candice DIDIER,135.25,FR,2009
Beatrisa LIANG,134.29,FR,2009
Binshu XU,123.83,FR,2009
Elene GEDEVANISHVILI,121.78,FR,2009
Anastasia GIMAZETDINOVA,116.99,FR,2009
Emily HUGHES,115.48,FR,2009
Gwendoline DIDIER,111.18,FR,2009
Carolina KOSTNER,170.72,RU,2009
Rachael FLATT,166.06,RU,2009
Fumie SUGURI,162.04,RU,2009
Alissa CZISNY,151.03,RU,2009
Alena LEONOVA,145.93,RU,2009
Elena GLEBOVA,140.67,RU,2009
Julia SEBESTYEN,131.54,RU,2009
Kimmie MEISSNER,131.36,RU,2009
Na-Young KIM,125.95,RU,2009
Nina PETUSHKOVA,125.61,RU,2009
Yu-Na KIM,191.75,CN,2009
Miki ANDO,170.88,CN,2009
Laura LEPISTO,159.42,CN,2009
Ashley WAGNER,155.59,CN,2009
Susanna POYKIO,148.03,CN,2009
Sarah MEIER,142.31,CN,2009
Alena LEONOVA,137.27,CN,2009
Katrina HACKER,134.95,CN,2009
Yan LIU,118.07,CN,2009
Binshu XU,116.59,CN,2009
Mira LEUNG,114.05,CN,2009
Yueren WANG,95.68,CN,2009
Mao ASADA,191.13,JP,2009
Akiko SUZUKI,167.64,JP,2009
Yukari NAKANO,166.87,JP,2009
Ashley WAGNER,161.1,JP,2009
Laura LEPISTO,158.85,JP,2009
Katrina HACKER,139.46,JP,2009
Cynthia PHANEUF,138.9,JP,2009
Mirai NAGASU,124.22,JP,2009
Na-Young KIM,119.77,JP,2009
Annette DYTRT,115.57,JP,2009
Anastasia GIMAZETDINOVA,115.1,JP,2009
Katarina GERBOLDT,113.95,JP,2009
Mao ASADA,188.55,FN,2009
Yu-Na KIM,186.35,FN,2009
Carolina KOSTNER,168.01,FN,2009
Joannie ROCHETTE,166.36,FN,2009
Yukari NAKANO,161.93,FN,2009
Miki ANDO,158.25,FN,2009
Laura LEPISTÖ,167.32,EU,2009
Carolina KOSTNER,165.42,EU,2009
Susanna PÖYKIÖ,156.31,EU,2009
Alena LEONOVA,143.99,EU,2009
Kiira KORPI,139.01,EU,2009
Katarina GERBOLDT,137.05,EU,2009
Annette DYTRT,136.98,EU,2009
Julia SEBESTYEN,134.47,EU,2009
Jenna MCCORKELL,131.42,EU,2009
Tugba KARADEMIR,130.85,EU,2009
Ivana REITMAYEROVA,130.2,EU,2009
Elena GLEBOVA,128.36,EU,2009
Candice DIDIER,124.07,EU,2009
Nella SIMAOVA,120.61,EU,2009
Francesca RIO,119.61,EU,2009
Stefania BERTON,118.97,EU,2009
Viktoria HELGESSON,118.39,EU,2009
Teodora POSTIC,114.95,EU,2009
Irina MOVCHAN,111.52,EU,2009
Kerstin FRANK,104.92,EU,2009
Karly ROBERTSON,104.44,EU,2009
Manouk GIJSMAN,103.28,EU,2009
Sonia LAFUENTE,101.7,EU,2009
Isabelle PIEMAN,96.64,EU,2009
KIM Yu-Na,189.07,4C,2009
ROCHETTE Joannie,183.91,4C,2009
ASADA Mao,176.52,4C,2009
ZHANG Caroline,171.22,4C,2009
PHANEUF Cynthia,169.41,4C,2009
SUGURI Fumie,167.74,4C,2009
FLATT Rachael,162.83,4C,2009
SUZUKI Akiko,160.36,4C,2009
CZISNY Alissa,159.81,4C,2009
LACOSTE Amelie,146.18,4C,2009
LIU Yan,139.5,4C,2009
GIMAZETDINOVA Anastasia,125.39,4C,2009
LEE Cheltzie,123.88,4C,2009
KIM Hyeon-Jung,121.64,4C,2009
XU Binshu,121.0,4C,2009
KIM Na-Young,120.28,4C,2009
CANTU Ana Cecilia,108.75,4C,2009
WANG Tina,108.02,4C,2009
LIU Chaochih,97.51,4C,2009
ONO Tamami,91.89,4C,2009
CANTU Michele,90.08,4C,2009
HAMUI Loretta,87.64,4C,2009
WANG Yueren,85.04,4C,2009
TAN Gracielle Jeanne,80.37,4C,2009
Yu-Na KIM,207.71,WR,2009
Joannie ROCHETTE,191.29,WR,2009
Miki ANDO,190.38,WR,2009
Mao ASADA,188.09,WR,2009
Rachael FLATT,172.41,WR,2009
Laura LEPISTÖ,170.07,WR,2009
Alena LEONOVA,168.91,WR,2009
Fumie SUGURI,164.58,WR,2009
Sarah MEIER,163.37,WR,2009
Elene GEDEVANISHVILI,162.48,WR,2009
Alissa CZISNY,159.78,WR,2009
Carolina KOSTNER,153.56,WR,2009
Susanna PÖYKIÖ,153.31,WR,2009
Ivana REITMAYEROVA,147.41,WR,2009
Cynthia PHANEUF,146.09,WR,2009
Elena GLEBOVA,140.02,WR,2009
Na-Young KIM,131.5,WR,2009
Annette DYTRT,131.15,WR,2009
Anna JURKIEWICZ,130.29,WR,2009
Jenna MCCORKELL,128.67,WR,2009
Tugba KARADEMIR,124.31,WR,2009
Candice DIDIER,122.08,WR,2009
Kerstin FRANK,105.73,WR,2009
Ana Cecilia CANTU,101.82,WR,2009
Yu-Na KIM,187.98,US,2010
Rachael FLATT,174.91,US,2010
Julia SEBESTYEN,159.03,US,2010
Fumie SUGURI,148.99,US,2010
Elena GLEBOVA,148.71,US,2010
Elene GEDEVANISHVILI,144.19,US,2010
Emily HUGHES,135.31,US,2010
Sarah HECKEN,131.1,US,2010
Joshi HELGESSON,129.91,US,2010
Alexe GILLES,129.01,US,2010
Susanna PÖYKIÖ,124.22,US,2010
Tugba KARADEMIR,122.4,US,2010
Joannie ROCHETTE,182.9,CA,2010
Alissa CZISNY,163.53,CA,2010
Laura LEPISTÖ,158.52,CA,2010
Mirai NAGASU,156.83,CA,2010
Akiko SUZUKI,147.72,CA,2010
Amelie LACOSTE,141.13,CA,2010
Cynthia PHANEUF,132.48,CA,2010
Caroline ZHANG,132.46,CA,2010
Sarah HECKEN,124.4,CA,2010
Jenna MCCORKELL,123.5,CA,2010
Joshi HELGESSON,108.41,CA,2010
Yu-Na KIM,210.03,FR,2010
Mao ASADA,173.99,FR,2010
Yukari NAKANO,165.7,FR,2010
Caroline ZHANG,153.15,FR,2010
Alexe GILLES,151.92,FR,2010
Carolina KOSTNER,147.63,FR,2010
Elene GEDEVANISHVILI,143.43,FR,2010
Kiira KORPI,138.83,FR,2010
Gwendoline DIDIER,118.07,FR,2010
Anna JURKIEWICZ,115.06,FR,2010
Miki ANDO,171.93,RU,2010
Ashley WAGNER,163.97,RU,2010
Alena LEONOVA,160.06,RU,2010
Alissa CZISNY,158.3,RU,2010
Mao ASADA,150.28,RU,2010
Julia SEBESTYEN,148.5,RU,2010
Amelie LACOSTE,139.39,RU,2010
Jenna MCCORKELL,134.7,RU,2010
Oksana GOZEVA,128.52,RU,2010
Katarina GERBOLDT,117.77,RU,2010
Annette DYTRT,109.74,RU,2010
Anastasia GIMAZETDINOVA,108.46,RU,2010
Akiko SUZUKI,176.66,CN,2010
Kiira KORPI,163.27,CN,2010
Joannie ROCHETTE,163.18,CN,2010
Rachael FLATT,157.71,CN,2010
Mirai NAGASU,155.38,CN,2010
Carolina KOSTNER,154.18,CN,2010
Fumie SUGURI,145.99,CN,2010
Diane SZMIETT,144.28,CN,2010
Yan LIU,132.8,CN,2010
Beatrisa LIANG,131.39,CN,2010
Bingwa GENG,121.2,CN,2010
Miki ANDO,162.55,JP,2010
Alena LEONOVA,160.85,JP,2010
Ashley WAGNER,155.99,JP,2010
Yukari NAKANO,152.35,JP,2010
Laura LEPISTO,152.19,JP,2010
Cynthia PHANEUF,142.03,JP,2010
Yan LIU,126.49,JP,2010
Annette DYTRT,126.01,JP,2010
Oksana GOZEVA,123.97,JP,2010
Shoko ISHIKAWA,119.63,JP,2010
Becky BERESWILL,118.42,JP,2010
Yu-Na KIM,188.86,FN,2010
Miki ANDO,185.94,FN,2010
Akiko SUZUKI,174.0,FN,2010
Ashley WAGNER,162.07,FN,2010
Joannie ROCHETTE,156.71,FN,2010
Alena LEONOVA,156.55,FN,2010
Carolina KOSTNER,173.46,EU,2010
Laura LEPISTÖ,166.37,EU,2010
Elene GEDEVANISHVILI,164.54,EU,2010
Kiira KORPI,163.68,EU,2010
Sarah MEIER,157.44,EU,2010
Julia SEBESTYEN,156.77,EU,2010
Alena LEONOVA,153.57,EU,2010
Valentina MARCHEI,149.46,EU,2010
Ksenia MAKAROVA,146.85,EU,2010
Elena GLEBOVA,138.93,EU,2010
Viktoria HELGESSON,137.1,EU,2010
Tugba KARADEMIR,136.42,EU,2010
Oksana GOZEVA,135.39,EU,2010
Jenna MCCORKELL,128.06,EU,2010
Ivana REITMAYEROVA,125.31,EU,2010
Sarah HECKEN,121.79,EU,2010
Sonia LAFUENTE,121.15,EU,2010
Natalia POPOVA,113.35,EU,2010
Teodora POSTIC,113.35,EU,2010
Mao ASADA,183.96,4C,2010
Akiko SUZUKI,173.72,4C,2010
Caroline ZHANG,160.78,4C,2010
Amanda DOBBS,158.23,4C,2010
Haruka IMAI,155.29,4C,2010
Min-Jung KWAK,154.71,4C,2010
Amelie LACOSTE,152.45,4C,2010
Myriane SAMSON,150.9,4C,2010
Alexe GILLES,140.88,4C,2010
Diane SZMIETT,140.1,4C,2010
Anastasia GIMAZETDINOVA,134.15,4C,2010
Yan LIU,126.11,4C,2010
Chae-Hwa KIM,123.91,4C,2010
Cheltzie LEE,119.39,4C,2010
Na-Young KIM,109.46,4C,2010
Lejeanne MARAIS,103.03,4C,2010
Ana Cecilia CANTU,101.25,4C,2010
Crystal KIANG,96.16,4C,2010
Melinda WANG,95.5,4C,2010
Lauren KO,90.77,4C,2010
KIM Yu-Na,228.56,OL,2010
ASADA Mao,205.5,OL,2010
ROCHETTE Joannie,202.64,OL,2010
NAGASU Mirai,190.15,OL,2010
ANDO Miki,188.86,OL,2010
LEPISTO Laura,187.97,OL,2010
FLATT Rachael,182.49,OL,2010
SUZUKI Akiko,181.44,OL,2010
LEONOVA Alena,172.46,OL,2010
MAKAROVA Ksenia,171.91,OL,2010
KORPI Kiira,161.57,OL,2010
PHANEUF Cynthia,156.62,OL,2010
KWAK Min-Jung,155.53,OL,2010
GEDEVANISHVILI Elene,155.24,OL,2010
MEIER Sarah,152.81,OL,2010
KOSTNER Carolina,151.9,OL,2010
SEBESTYEN Julia,151.26,OL,2010
HECKEN Sarah,143.94,OL,2010
LIU Yan,143.47,OL,2010
LEE Cheltzie,138.16,OL,2010
GLEBOVA Elena,134.19,OL,2010
LAFUENTE Sonia,133.51,OL,2010
GIMAZETDINOVA Anastasia,131.65,OL,2010
KARADEMIR Tugba,129.54,OL,2010
Mao ASADA,197.58,WR,2010
Yu-Na KIM,190.79,WR,2010
Laura LEPISTO,178.62,WR,2010
Miki ANDO,177.82,WR,2010
Cynthia PHANEUF,177.54,WR,2010
Carolina KOSTNER,177.31,WR,2010
Mirai NAGASU,175.48,WR,2010
Ksenia MAKAROVA,169.64,WR,2010
Rachael FLATT,167.44,WR,2010
Viktoria HELGESSON,161.79,WR,2010
Akiko SUZUKI,160.04,WR,2010
Sarah HECKEN,153.94,WR,2010
Alena LEONOVA,152.86,WR,2010
Jenna MCCORKELL,150.9,WR,2010
Julia SEBESTYEN,147.66,WR,2010
Yan LIU,141.29,WR,2010
Cheltzie LEE,137.78,WR,2010
Elene GEDEVANISHVILI,137.33,WR,2010
Kiira KORPI,134.49,WR,2010
Sonia LAFUENTE,133.31,WR,2010
Elena GLEBOVA,132.85,WR,2010
Min-Jung KWAK,120.47,WR,2010
Anastasia GIMAZETDINOVA,113.89,WR,2010
Manouk GIJSMAN,111.94,WR,2010
Kanako MURAKAMI,164.93,US,2011
Rachael FLATT,162.86,US,2011
Carolina KOSTNER,154.87,US,2011
Joshi HELGESSON,146.9,US,2011
Amelie LACOSTE,146.68,US,2011
Viktoria HELGESSON,142.26,US,2011
Elene GEDEVANISHVILI,139.36,US,2011
Mae Berenice MEITE,137.05,US,2011
Caroline ZHANG,132.49,US,2011
Jenna MCCORKELL,127.76,US,2011
Min-Jeong KWAK,125.21,US,2011
Alexe GILLES,122.46,US,2011
Alissa CZISNY,172.37,CA,2011
Ksenia MAKAROVA,165.0,CA,2011
Amelie LACOSTE,157.26,CA,2011
Cynthia PHANEUF,156.24,CA,2011
Haruka IMAI,154.54,CA,2011
Agnes ZAWADZKI,154.35,CA,2011
Myriane SAMSON,152.05,CA,2011
Valentina MARCHEI,137.78,CA,2011
Fumie SUGURI,132.84,CA,2011
Sonia LAFUENTE,131.2,CA,2011
Alexe GILLES,125.64,CA,2011
Kiira KORPI,169.74,FR,2011
Mirai NAGASU,167.79,FR,2011
Alissa CZISNY,159.8,FR,2011
Cynthia PHANEUF,155.11,FR,2011
Mao ASADA,148.02,FR,2011
Haruka IMAI,145.47,FR,2011
Sonia LAFUENTE,143.6,FR,2011
Fumie SUGURI,138.18,FR,2011
Mae Berenice MEITE,137.08,FR,2011
Sarah HECKEN,130.17,FR,2011
Candice DIDIER,120.8,FR,2011
Lena MARROCCO,113.31,FR,2011
Miki ANDO,174.47,RU,2011
Akiko SUZUKI,172.74,RU,2011
Ashley WAGNER,167.02,RU,2011
Agnes ZAWADZKI,153.78,RU,2011
Valentina MARCHEI,153.71,RU,2011
Sofia BIRYUKOVA,153.05,RU,2011
Ksenia MAKAROVA,150.45,RU,2011
Myriane SAMSON,144.32,RU,2011
Alena LEONOVA,144.06,RU,2011
Elena GLEBOVA,131.2,RU,2011
Miki ANDO,172.21,CN,2011
Akiko SUZUKI,162.86,CN,2011
Alena LEONOVA,148.61,CN,2011
Mirai NAGASU,146.23,CN,2011
Bingwa GENG,142.48,CN,2011
Amanda DOBBS,132.45,CN,2011
Joshi HELGESSON,131.4,CN,2011
Kristine MUSADEMBA,119.45,CN,2011
Min-Jeong KWAK,113.98,CN,2011
Diane SZMIETT,95.43,CN,2011
Carolina KOSTNER,164.61,JP,2011
Rachael FLATT,161.04,JP,2011
Kanako MURAKAMI,150.16,JP,2011
Kiira KORPI,148.44,JP,2011
Ashley WAGNER,143.73,JP,2011
Elene GEDEVANISHVILI,141.52,JP,2011
Caroline ZHANG,133.86,JP,2011
Mao ASADA,133.4,JP,2011
Viktoria HELGESSON,130.11,JP,2011
Lena MARROCCO,122.03,JP,2011
Jenna MCCORKELL,121.52,JP,2011
Diane SZMIETT,88.33,JP,2011
Alissa CZISNY,180.75,FN,2011
Carolina KOSTNER,178.6,FN,2011
Kanako MURAKAMI,178.59,FN,2011
Akiko SUZUKI,173.72,FN,2011
Miki ANDO,173.15,FN,2011
Rachael FLATT,127.57,FN,2011
Sarah MEIER,170.6,EU,2011
Carolina KOSTNER,168.54,EU,2011
Kiira KORPI,166.4,EU,2011
Ksenia MAKAROVA,162.04,EU,2011
Alena LEONOVA,154.31,EU,2011
Viktoria HELGESSON,151.66,EU,2011
Ira VANNUT,150.66,EU,2011
Elene GEDEVANISHVILI,147.96,EU,2011
Mae Berenice MEITE,138.74,EU,2011
Valentina MARCHEI,137.44,EU,2011
Sarah HECKEN,137.43,EU,2011
Sonia LAFUENTE,135.82,EU,2011
Gerli LIINAMÄE,133.73,EU,2011
Jenna MCCORKELL,132.15,EU,2011
Juulia TURKKILA,131.38,EU,2011
Romy BÜHLER,122.33,EU,2011
Karina JOHNSON,121.63,EU,2011
Svetlana ISSAKOVA,118.44,EU,2011
Viktoria PAVUK,112.7,EU,2011
Dasa GRM,112.54,EU,2011
Alice GARLISI,112.36,EU,2011
Fleur MAXWELL,110.59,EU,2011
Hristina VASSILEVA,106.79,EU,2011
Alexandra KUNOVA,105.86,EU,2011
Miki ANDO,201.34,4C,2011
Mao ASADA,196.3,4C,2011
Mirai NAGASU,189.46,4C,2011
Rachael FLATT,180.31,4C,2011
Alissa CZISNY,168.81,4C,2011
Cynthia PHANEUF,163.14,4C,2011
Akiko SUZUKI,162.59,4C,2011
Min-Jeong KWAK,147.15,4C,2011
Amelie LACOSTE,137.48,4C,2011
Cheltzie LEE,127.9,4C,2011
Myriane SAMSON,121.2,4C,2011
Yea-Ji YUN,111.86,4C,2011
Bingwa GENG,104.58,4C,2011
Qiuying ZHU,102.38,4C,2011
Lejeanne MARAIS,101.9,4C,2011
Chae-Hwa KIM,101.79,4C,2011
Victoria MUNIZ,99.4,4C,2011
Melinda WANG,96.15,4C,2011
Mimi Tanasorn CHINDASOOK,91.54,4C,2011
Jaimee NOBBS,89.93,4C,2011
Crystal KIANG,86.6,4C,2011
Mericien VENZON,84.17,4C,2011
Melanie SWANG,82.08,4C,2011
Chaochih LIU,78.28,4C,2011
Miki ANDO,195.79,WR,2011
Yuna KIM,194.5,WR,2011
Carolina KOSTNER,184.68,WR,2011
Alena LEONOVA,183.92,WR,2011
Alissa CZISNY,182.25,WR,2011
Mao ASADA,172.79,WR,2011
Ksenia MAKAROVA,167.22,WR,2011
Kanako MURAKAMI,167.1,WR,2011
Kiira KORPI,164.8,WR,2011
Elene GEDEVANISHVILI,156.24,WR,2011
Sarah HECKEN,155.83,WR,2011
Rachael FLATT,154.61,WR,2011
Cynthia PHANEUF,152.78,WR,2011
Mae Berenice MEITE,150.44,WR,2011
Joshi HELGESSON,149.08,WR,2011
Amelie LACOSTE,144.76,WR,2011
Viktoria HELGESSON,142.52,WR,2011
Bingwa GENG,140.78,WR,2011
Ira VANNUT,138.28,WR,2011
Juulia TURKKILA,136.68,WR,2011
Cheltzie LEE,133.65,WR,2011
Elena GLEBOVA,124.78,WR,2011
Irina MOVCHAN,123.15,WR,2011
Jenna MCCORKELL,121.76,WR,2011
Alissa CZISNY,177.48,US,2012
Carolina KOSTNER,177.35,US,2012
Viktoria HELGESSON,145.75,US,2012
Haruka IMAI,142.94,US,2012
Ksenia MAKAROVA,142.67,US,2012
Caroline ZHANG,140.7,US,2012
Elene GEDEVANISHVILI,140.12,US,2012
Joelle FORTE,139.7,US,2012
Valentina MARCHEI,135.17,US,2012
Joshi HELGESSON,133.98,US,2012
Elizaveta TUKTAMISHEVA,177.38,CA,2012
Akiko SUZUKI,172.26,CA,2012
Ashley WAGNER,165.48,CA,2012
Alena LEONOVA,152.22,CA,2012
Mirai NAGASU,151.72,CA,2012
Amelie LACOSTE,146.4,CA,2012
Cynthia PHANEUF,140.7,CA,2012
Sarah HECKEN,130.71,CA,2012
Adriana DESANCTIS,129.48,CA,2012
Rachael FLATT,128.22,CA,2012
Elizaveta TUKTAMISHEVA,182.89,FR,2012
Carolina KOSTNER,179.32,FR,2012
Alissa CZISNY,179.15,FR,2012
Kanako MURAKAMI,161.31,FR,2012
Viktoria HELGESSON,154.9,FR,2012
Mae Berenice MEITE,145.44,FR,2012
Sonia LAFUENTE,136.32,FR,2012
Yretha SILETE,135.9,FR,2012
Lena MARROCCO,126.97,FR,2012
Mao ASADA,183.25,RU,2012
Alena LEONOVA,180.45,RU,2012
Adelina SOTNIKOVA,169.75,RU,2012
Sofia BIRYUKOVA,166.07,RU,2012
Kiira KORPI,160.92,RU,2012
Haruka IMAI,154.76,RU,2012
Agnes ZAWADZKI,149.38,RU,2012
Amelie LACOSTE,148.48,RU,2012
Rachael FLATT,147.63,RU,2012
Christina GAO,117.77,RU,2012
Carolina KOSTNER,182.14,CN,2012
Mirai NAGASU,173.22,CN,2012
Adelina SOTNIKOVA,159.95,CN,2012
Kexin ZHANG,153.32,CN,2012
Christina GAO,152.48,CN,2012
Kanako MURAKAMI,150.2,CN,2012
Ksenia MAKAROVA,143.47,CN,2012
Bingwa GENG,142.09,CN,2012
Valentina MARCHEI,133.86,CN,2012
Qiuying ZHU,108.57,CN,2012
Akiko SUZUKI,185.98,JP,2012
Mao ASADA,184.19,JP,2012
Alena LEONOVA,170.68,JP,2012
Ashley WAGNER,165.65,JP,2012
Elene GEDEVANISHVILI,160.44,JP,2012
Kiira KORPI,157.53,JP,2012
Mae Berenice MEITE,143.69,JP,2012
Agnes ZAWADZKI,138.19,JP,2012
Cynthia PHANEUF,131.82,JP,2012
Shoko ISHIKAWA,122.14,JP,2012
Carolina KOSTNER,187.48,FN,2012
Akiko SUZUKI,179.76,FN,2012
Alena LEONOVA,176.42,FN,2012
Elizaveta TUKTAMISHEVA,174.51,FN,2012
Alissa CZISNY,156.97,FN,2012
Carolina KOSTNER,183.55,EU,2012
Kiira KORPI,166.94,EU,2012
Elene GEDEVANISHVILI,165.93,EU,2012
Polina KOROBEYNIKOVA,164.13,EU,2012
Viktoria HELGESSON,160.82,EU,2012
Ksenia MAKAROVA,159.59,EU,2012
Alena LEONOVA,158.78,EU,2012
Valentina MARCHEI,146.84,EU,2012
Yretha SILETE,145.5,EU,2012
Joshi HELGESSON,145.11,EU,2012
Elena GLEBOVA,141.92,EU,2012
Natalia POPOVA,138.6,EU,2012
Mae Berenice MEITE,137.33,EU,2012
Monika SIMANCIKOVA,136.79,EU,2012
Sonia LAFUENTE,133.64,EU,2012
Alina FJODOROVA,133.48,EU,2012
Juulia TURKKILA,130.33,EU,2012
Jenna MCCORKELL,125.41,EU,2012
Isabelle PIEMAN,122.13,EU,2012
Romy BÜHLER,121.25,EU,2012
Myriam LEUENBERGER,117.73,EU,2012
Nathalie WEINZIERL,115.89,EU,2012
Francesca RIO,108.66,EU,2012
Karina JOHNSON,92.12,EU,2012
Ashley WAGNER,192.41,4C,2012
Mao ASADA,188.62,4C,2012
Caroline ZHANG,176.18,4C,2012
Kanako MURAKAMI,169.32,4C,2012
Kexin ZHANG,162.59,4C,2012
Agnes ZAWADZKI,157.23,4C,2012
Amelie LACOSTE,147.65,4C,2012
Cynthia PHANEUF,147.47,4C,2012
Haruka IMAI,134.49,4C,2012
Min-Jeong KWAK,130.52,4C,2012
Bingwa GENG,127.89,4C,2012
Victoria MUNIZ,117.83,4C,2012
Alexandra NAJARRO,117.11,4C,2012
Melinda WANG,103.69,4C,2012
Sandra KHOPON,103.15,4C,2012
Qiuying ZHU,102.77,4C,2012
Chantelle KERRY,102.49,4C,2012
Mimi Tanasorn CHINDASOOK,97.19,4C,2012
Yea-Ji YUN,96.85,4C,2012
Melanie SWANG,96.16,4C,2012
Chae-Yeon SUHR,94.95,4C,2012
Lejeanne MARAIS,94.34,4C,2012
Crystal KIANG,93.79,4C,2012
Zhaira COSTINIANO,87.26,4C,2012
Carolina KOSTNER,189.94,WR,2012
Alena LEONOVA,184.28,WR,2012
Akiko SUZUKI,180.68,WR,2012
Ashley WAGNER,176.77,WR,2012
Kanako MURAKAMI,175.41,WR,2012
Mao ASADA,164.52,WR,2012
Kexin ZHANG,157.57,WR,2012
Valentina MARCHEI,150.1,WR,2012
Ksenia MAKAROVA,149.48,WR,2012
Elene GEDEVANISHVILI,149.2,WR,2012
Viktoria HELGESSON,148.54,WR,2012
Yretha SILETE,148.18,WR,2012
Elena GLEBOVA,144.28,WR,2012
Jenna MCCORKELL,143.84,WR,2012
Sonia LAFUENTE,140.24,WR,2012
Amelie LACOSTE,138.6,WR,2012
Natalia POPOVA,136.36,WR,2012
Juulia TURKKILA,135.56,WR,2012
Polina KOROBEYNIKOVA,129.98,WR,2012
Sarah HECKEN,129.2,WR,2012
Kerstin FRANK,126.17,WR,2012
Alissa CZISNY,124.11,WR,2012
Romy BÜHLER,116.21,WR,2012
Alisa MIKONSAARI,110.4,WR,2012
Ashley WAGNER,188.37,US,2013
Christina GAO,174.25,US,2013
Adelina SOTNIKOVA,168.96,US,2013
Valentina MARCHEI,158.79,US,2013
Haruka IMAI,157.72,US,2013
Mae Berenice MEITE,155.95,US,2013
Alena LEONOVA,153.49,US,2013
Viktoria HELGESSON,144.85,US,2013
Rachael FLATT,136.09,US,2013
Sarah HECKEN,134.09,US,2013
Kaetlyn OSMOND,176.45,CA,2013
Akiko SUZUKI,175.16,CA,2013
Kanako MURAKAMI,168.04,CA,2013
Elizaveta TUKTAMYSHEVA,168.0,CA,2013
Elene GEDEVANISHVILI,160.52,CA,2013
Ksenia MAKAROVA,154.11,CA,2013
Gracie GOLD,151.57,CA,2013
Amelie LACOSTE,151.44,CA,2013
Caroline ZHANG,149.87,CA,2013
Polina SHELEPEN,124.29,CA,2013
Ashley WAGNER,190.63,FR,2013
Elizaveta TUKTAMYSHEVA,179.62,FR,2013
Julia LIPNITSKAIA,179.31,FR,2013
Christina GAO,164.71,FR,2013
Mae Berenice MEITE,157.58,FR,2013
Polina KOROBEYNIKOVA,144.82,FR,2013
Elena GLEBOVA,140.86,FR,2013
Jenna MCCORKELL,135.4,FR,2013
Joshi HELGESSON,133.77,FR,2013
Lena MARROCCO,132.44,FR,2013
Kiira KORPI,177.19,RU,2013
Gracie GOLD,175.03,RU,2013
Agnes ZAWADZKI,166.61,RU,2013
Kanako MURAKAMI,166.34,RU,2013
Adelina SOTNIKOVA,157.98,RU,2013
Alena LEONOVA,157.27,RU,2013
Polina KOROBEYNIKOVA,153.32,RU,2013
Viktoria HELGESSON,151.48,RU,2013
Valentina MARCHEI,148.67,RU,2013
Caroline ZHANG,138.21,RU,2013
Mao ASADA,181.76,CN,2013
Julia LIPNITSKAIA,177.92,CN,2013
Kiira KORPI,169.86,CN,2013
Mirai NAGASU,163.46,CN,2013
Zijun LI,160.06,CN,2013
Amelie LACOSTE,135.46,CN,2013
Joshi HELGESSON,134.43,CN,2013
Ying ZHANG,130.65,CN,2013
Sofia BIRYUKOVA,127.36,CN,2013
Mao ASADA,185.27,JP,2013
Akiko SUZUKI,185.22,JP,2013
Mirai NAGASU,176.68,JP,2013
Zijun LI,174.11,JP,2013
Agnes ZAWADZKI,160.37,JP,2013
Elene GEDEVANISHVILI,156.96,JP,2013
Ksenia MAKAROVA,156.52,JP,2013
Haruka IMAI,145.42,JP,2013
Sofia BIRYUKOVA,139.12,JP,2013
Mao ASADA,196.8,FN,2013
Ashley WAGNER,181.93,FN,2013
Akiko SUZUKI,180.77,FN,2013
Kiira KORPI,174.94,FN,2013
Elizaveta TUKTAMYSHEVA,173.75,FN,2013
Christina GAO,154.54,FN,2013
Carolina KOSTNER,194.71,EU,2013
Adelina SOTNIKOVA,193.99,EU,2013
Elizaveta TUKTAMYSHEVA,188.85,EU,2013
Valentina MARCHEI,171.06,EU,2013
Viktoria HELGESSON,155.72,EU,2013
Nikol GOSVIANI,154.41,EU,2013
Sonia LAFUENTE,152.29,EU,2013
Joshi HELGESSON,150.4,EU,2013
Nathalie WEINZIERL,147.52,EU,2013
Mae Berenice MEITE,147.14,EU,2013
Lenaelle GILLERON-GORRY,143.74,EU,2013
Kerstin FRANK,143.56,EU,2013
Elena GLEBOVA,143.45,EU,2013
Elene GEDEVANISHVILI,142.71,EU,2013
Monika SIMANCIKOVA,137.47,EU,2013
Anita MADSEN,133.35,EU,2013
Juulia TURKKILA,130.79,EU,2013
Kaat VAN DAELE,130.0,EU,2013
Natalia POPOVA,128.54,EU,2013
Tina STUERZINGER,128.38,EU,2013
Jenna MCCORKELL,126.98,EU,2013
Anne Line GJERSEM,124.48,EU,2013
Sila SAYGI,119.27,EU,2013
Fleur MAXWELL,113.01,EU,2013
Mao ASADA,205.45,4C,2013
Akiko SUZUKI,190.08,4C,2013
Kanako MURAKAMI,181.03,4C,2013
Christina GAO,176.28,4C,2013
Zijun LI,170.42,4C,2013
Gracie GOLD,166.66,4C,2013
Kaetlyn OSMOND,159.38,4C,2013
Agnes ZAWADZKI,158.99,4C,2013
Amelie LACOSTE,155.08,4C,2013
Kexin ZHANG,148.34,4C,2013
Julianne SEGUIN,146.58,4C,2013
Brooklee HAN,134.9,4C,2013
Reyna HAMUI,123.69,4C,2013
Chantelle KERRY,118.11,4C,2013
Crystal KIANG,109.15,4C,2013
Yeon Jun PARK,106.79,4C,2013
Melissa BULANHAGUI,106.36,4C,2013
Lejeanne MARAIS,105.06,4C,2013
Melinda WANG,96.95,4C,2013
Ami PAREKH,88.39,4C,2013
Yuna KIM,218.31,WR,2013
Carolina KOSTNER,197.89,WR,2013
Mao ASADA,196.47,WR,2013
Kanako MURAKAMI,189.73,WR,2013
Ashley WAGNER,187.34,WR,2013
Gracie GOLD,184.25,WR,2013
Zijun LI,183.85,WR,2013
Kaetlyn OSMOND,176.82,WR,2013
Adelina SOTNIKOVA,175.98,WR,2013
Elizaveta TUKTAMYSHEVA,174.24,WR,2013
Mae Berenice MEITE,165.03,WR,2013
Akiko SUZUKI,164.59,WR,2013
Alena LEONOVA,159.06,WR,2013
Viktoria HELGESSON,158.8,WR,2013
Natalia POPOVA,155.52,WR,2013
Elena GLEBOVA,152.49,WR,2013
Monika SIMANCIKOVA,149.02,WR,2013
Valentina MARCHEI,147.23,WR,2013
Nathalie WEINZIERL,142.48,WR,2013
Jenna MCCORKELL,142.27,WR,2013
Brooklee HAN,141.88,WR,2013
Sonia LAFUENTE,139.66,WR,2013
Kexin ZHANG,137.41,WR,2013
Kerstin FRANK,127.98,WR,2013
Mao ASADA,204.55,US,2014
Ashley WAGNER,193.81,US,2014
Elena RADIONOVA,183.95,US,2014
Elizaveta TUKTAMYSHEVA,176.75,US,2014
Samantha CESARIO,167.98,US,2014
Mae Berenice MEITE,167.35,US,2014
Valentina MARCHEI,156.79,US,2014
Viktoria HELGESSON,152.34,US,2014
Elene GEDEVANISHVILI,149.44,US,2014
Caroline ZHANG,110.12,US,2014
Julia LIPNITSKAIA,198.23,CA,2014
Akiko SUZUKI,193.75,CA,2014
Gracie GOLD,186.65,CA,2014
Christina GAO,173.69,CA,2014
Amelie LACOSTE,163.11,CA,2014
Courtney HICKS,162.0,CA,2014
Natalia POPOVA,145.88,CA,2014
Veronik MALLET,138.13,CA,2014
Ashley WAGNER,194.37,FR,2014
Adelina SOTNIKOVA,189.81,FR,2014
Anna POGORILAYA,184.69,FR,2014
Samantha CESARIO,172.7,FR,2014
Mae Berenice MEITE,166.11,FR,2014
Amelie LACOSTE,158.11,FR,2014
Viktoria HELGESSON,153.27,FR,2014
Christina GAO,152.85,FR,2014
Natalia POPOVA,136.43,FR,2014
Julia LIPNITSKAIA,190.8,RU,2014
Carolina KOSTNER,190.12,RU,2014
Mirai NAGASU,175.37,RU,2014
Elizaveta TUKTAMYSHEVA,171.87,RU,2014
Satoko MIYAHARA,165.76,RU,2014
Agnes ZAWADZKI,163.21,RU,2014
Kanako MURAKAMI,162.46,RU,2014
Nikol GOSVIANI,157.17,RU,2014
Haruka IMAI,145.3,RU,2014
Anna POGORILAYA,178.62,CN,2014
Adelina SOTNIKOVA,174.7,CN,2014
Carolina KOSTNER,173.4,CN,2014
Kanako MURAKAMI,165.95,CN,2014
Nikol GOSVIANI,152.04,CN,2014
Haruka IMAI,150.3,CN,2014
Agnes ZAWADZKI,147.64,CN,2014
Kexin ZHANG,144.88,CN,2014
Xiaowen GUO,139.5,CN,2014
Zijun LI,138.98,CN,2014
Mao ASADA,207.59,JP,2014
Elena RADIONOVA,191.81,JP,2014
Akiko SUZUKI,179.32,JP,2014
Gracie GOLD,177.81,JP,2014
Satoko MIYAHARA,170.21,JP,2014
Valentina MARCHEI,168.95,JP,2014
Alena LEONOVA,161.94,JP,2014
Mirai NAGASU,141.71,JP,2014
Elene GEDEVANISHVILI,129.24,JP,2014
Mao ASADA,204.02,FN,2014
Julia LIPNITSKAIA,192.07,FN,2014
Ashley WAGNER,187.61,FN,2014
Elena RADIONOVA,183.02,FN,2014
Adelina SOTNIKOVA,173.3,FN,2014
Anna POGORILAYA,171.88,FN,2014
Julia LIPNITSKAIA,209.72,EU,2014
Adelina SOTNIKOVA,202.36,EU,2014
Carolina KOSTNER,191.39,EU,2014
Alena LEONOVA,178.15,EU,2014
Mae Berenice MEITE,173.37,EU,2014
Valentina MARCHEI,165.25,EU,2014
Elena GLEBOVA,155.71,EU,2014
Nathalie WEINZIERL,151.88,EU,2014
Joshi HELGESSON,146.45,EU,2014
Elene GEDEVANISHVILI,141.82,EU,2014
Roberta RODEGHIERO,141.25,EU,2014
Juulia TURKKILA,140.31,EU,2014
Laurine LECAVELIER,139.42,EU,2014
Viktoria HELGESSON,138.73,EU,2014
Eliska BREZINOVA,130.35,EU,2014
Isabelle OLSSON,129.39,EU,2014
Nicole RAJICOVA,128.25,EU,2014
Inga JANULEVICIUTE,126.2,EU,2014
Anne Line GJERSEM,125.58,EU,2014
Kaat VAN DAELE,123.05,EU,2014
Agata KRYGER,119.52,EU,2014
Marta GARCIA,118.11,EU,2014
Natalia POPOVA,112.26,EU,2014
Jenna MCCORKELL,110.19,EU,2014
Kanako MURAKAMI,196.91,4C,2014
Satoko MIYAHARA,186.53,4C,2014
Zijun LI,181.56,4C,2014
Haruka IMAI,175.4,4C,2014
Courtney HICKS,169.99,4C,2014
Hae Jin KIM,166.84,4C,2014
Alaine CHARTRAND,165.19,4C,2014
Samantha CESARIO,164.87,4C,2014
So Youn PARK,162.71,4C,2014
Mirai NAGASU,159.78,4C,2014
Kexin ZHANG,157.57,4C,2014
Amelie LACOSTE,156.17,4C,2014
Veronik MALLET,154.03,4C,2014
Brooklee HAN,150.17,4C,2014
Ziquan ZHAO,142.32,4C,2014
Tae Kyung KIM,132.84,4C,2014
Alisson Krystle PERTICHETO,114.95,4C,2014
Ami PAREKH,110.66,4C,2014
Reyna HAMUI,110.26,4C,2014
Crystal KIANG,103.26,4C,2014
Lejeanne MARAIS,98.93,4C,2014
SOTNIKOVA Adelina,224.59,OL,2014
KIM Yuna,219.11,OL,2014
KOSTNER Carolina,216.73,OL,2014
GOLD Gracie,205.53,OL,2014
LIPNITSKAYA Yulia,200.57,OL,2014
ASADA Mao,198.22,OL,2014
WAGNER Ashley,193.2,OL,2014
SUZUKI Akiko,186.32,OL,2014
EDMUNDS Polina,183.25,OL,2014
MEITE Mae Berenice,174.53,OL,2014
MARCHEI Valentina,173.33,OL,2014
MURAKAMI Kanako,170.98,OL,2014
OSMOND Kaetlyn,168.98,OL,2014
LI Zijun,168.3,OL,2014
ZHANG Kexin,154.21,OL,2014
KIM Haejin,149.48,OL,2014
DALEMAN Gabrielle,148.44,OL,2014
WEINZIERL Nathalie,147.36,OL,2014
GEDEVANISHVILI Elene,147.15,OL,2014
HAN Brooklee,143.84,OL,2014
PARK So Youn,142.97,OL,2014
UKOLOVA Elizaveta,136.42,OL,2014
GJERSEM Anne Line,134.54,OL,2014
RAJICOVA Nicole,125.0,OL,2014
Mao ASADA,216.69,WR,2014
Julia LIPNITSKAIA,207.5,WR,2014
Carolina KOSTNER,203.83,WR,2014
Anna POGORILAYA,197.5,WR,2014
Gracie GOLD,194.58,WR,2014
Akiko SUZUKI,193.72,WR,2014
Ashley WAGNER,193.16,WR,2014
Polina EDMUNDS,187.5,WR,2014
So Youn PARK,176.61,WR,2014
Kanako MURAKAMI,172.44,WR,2014
Kaetlyn OSMOND,170.64,WR,2014
Nathalie WEINZIERL,167.72,WR,2014
Gabrielle DALEMAN,164.78,WR,2014
Joshi HELGESSON,162.91,WR,2014
Mae Berenice MEITE,158.72,WR,2014
Valentina MARCHEI,157.64,WR,2014
Zijun LI,150.34,WR,2014
Eliska BREZINOVA,145.15,WR,2014
Brooklee HAN,144.28,WR,2014
Anna OVCHAROVA,143.22,WR,2014
Natalia POPOVA,135.05,WR,2014
Anne Line GJERSEM,130.03,WR,2014
Hae Jin KIM,129.82,WR,2014
Elena RADIONOVA,195.47,US,2015
Elizaveta TUKTAMYSHEVA,189.62,US,2015
Gracie GOLD,179.38,US,2015
Samantha CESARIO,174.58,US,2015
So Youn PARK,170.43,US,2015
Mirai NAGASU,158.21,US,2015
Elene GEDEVANISHVILI,158.1,US,2015
Haruka IMAI,157.97,US,2015
Mae Berenice MEITE,152.71,US,2015
Brooklee HAN,150.37,US,2015
Natalia POPOVA,148.15,US,2015
Anna POGORILAYA,191.81,CA,2015
Ashley WAGNER,186.0,CA,2015
Satoko MIYAHARA,181.75,CA,2015
Courtney HICKS,174.51,CA,2015
Rika HONGO,171.47,CA,2015
Alena LEONOVA,164.15,CA,2015
Alaine CHARTRAND,156.22,CA,2015
Brooklee HAN,146.8,CA,2015
Hae Jin KIM,143.43,CA,2015
Veronik MALLET,142.25,CA,2015
Viktoria HELGESSON,139.67,CA,2015
Julianne SEGUIN,136.95,CA,2015
Elena RADIONOVA,203.92,FR,2015
Julia LIPNITSKAIA,185.18,FR,2015
Ashley WAGNER,177.74,FR,2015
Courtney HICKS,172.58,FR,2015
Mae Berenice MEITE,169.46,FR,2015
Maria ARTEMIEVA,162.49,FR,2015
Samantha CESARIO,161.7,FR,2015
Haruka IMAI,154.7,FR,2015
Eliska BREZINOVA,144.29,FR,2015
Veronik MALLET,139.64,FR,2015
Laurine LECAVELIER,139.54,FR,2015
Anna OVCHAROVA,133.23,FR,2015
Rika HONGO,178.0,RU,2015
Anna POGORILAYA,173.43,RU,2015
Alaine CHARTRAND,172.0,RU,2015
Mirai NAGASU,165.88,RU,2015
So Youn PARK,163.24,RU,2015
Miyabi OBA,154.57,RU,2015
Maria STAVITSKAIA,153.49,RU,2015
Ashley CAIN,150.9,RU,2015
Angela WANG,150.75,RU,2015
Maria ARTEMIEVA,144.72,RU,2015
Eliska BREZINOVA,134.04,RU,2015
Elizaveta TUKTAMYSHEVA,196.6,CN,2015
Julia LIPNITSKAIA,173.57,CN,2015
Kanako MURAKAMI,169.39,CN,2015
Polina EDMUNDS,161.27,CN,2015
Gabrielle DALEMAN,161.26,CN,2015
Zijun LI,152.62,CN,2015
Viktoria HELGESSON,143.95,CN,2015
Hae Jin KIM,137.62,CN,2015
Christina GAO,125.04,CN,2015
Ashley CAIN,124.81,CN,2015
Anne Line GJERSEM,122.78,CN,2015
Gracie GOLD,191.16,JP,2015
Alena LEONOVA,186.4,JP,2015
Satoko MIYAHARA,179.02,JP,2015
Kanako MURAKAMI,173.09,JP,2015
Riona KATO,168.38,JP,2015
Gabrielle DALEMAN,164.74,JP,2015
Zijun LI,162.9,JP,2015
Polina EDMUNDS,161.79,JP,2015
Christina GAO,147.51,JP,2015
Elene GEDEVANISHVILI,142.96,JP,2015
Anna OVCHAROVA,132.32,JP,2015
Anne Line GJERSEM,125.17,JP,2015
Elizaveta TUKTAMYSHEVA,203.58,FN,2015
Elena RADIONOVA,198.74,FN,2015
Ashley WAGNER,189.5,FN,2015
Anna POGORILAYA,180.29,FN,2015
Julia LIPNITSKAIA,177.79,FN,2015
Rika HONGO,176.13,FN,2015
Elizaveta TUKTAMYSHEVA,210.4,EU,2015
Elena RADIONOVA,209.54,EU,2015
Anna POGORILAYA,191.81,EU,2015
Joshi HELGESSON,169.07,EU,2015
Viktoria HELGESSON,166.39,EU,2015
Mae Berenice MEITE,156.47,EU,2015
Angelina KUCHVALSKA,156.37,EU,2015
Roberta RODEGHIERO,154.52,EU,2015
Nicole SCHOTT,153.63,EU,2015
Laurine LECAVELIER,151.43,EU,2015
Nicole RAJICOVA,149.44,EU,2015
Nathalie WEINZIERL,148.78,EU,2015
Anastasia GALUSTYAN,147.18,EU,2015
Eveline BRUNNER,143.97,EU,2015
Eliska BREZINOVA,143.05,EU,2015
Natalia POPOVA,138.27,EU,2015
Kerstin FRANK,133.72,EU,2015
Sonia LAFUENTE,131.6,EU,2015
Aleksandra GOLOVKINA,131.47,EU,2015
Fleur MAXWELL,128.47,EU,2015
Camilla GJERSEM,128.1,EU,2015
Gerli LIINAMÄE,124.31,EU,2015
Elene GEDEVANISHVILI,122.88,EU,2015
Polina EDMUNDS,184.02,4C,2015
Satoko MIYAHARA,181.59,4C,2015
Rika HONGO,177.44,4C,2015
Gracie GOLD,176.58,4C,2015
Zijun LI,175.92,4C,2015
Yuka NAGAI,168.09,4C,2015
Gabrielle DALEMAN,167.09,4C,2015
Samantha CESARIO,166.76,4C,2015
So Youn PARK,163.75,4C,2015
Alaine CHARTRAND,161.22,4C,2015
Hae Jin KIM,147.3,4C,2015
Kailani CRAINE,142.16,4C,2015
Song Joo CHEA,139.09,4C,2015
Veronik MALLET,130.15,4C,2015
Melissa BULANHAGUI,126.32,4C,2015
Alisson Krystle PERTICHETO,115.87,4C,2015
Brooklee HAN,114.02,4C,2015
Isadora WILLIAMS,113.96,4C,2015
Reyna HAMUI,105.94,4C,2015
Elizaveta TUKTAMYSHEVA,210.36,WR,2015
Satoko MIYAHARA,193.6,WR,2015
Elena RADIONOVA,191.47,WR,2015
Gracie GOLD,188.96,WR,2015
Ashley WAGNER,185.01,WR,2015
Rika HONGO,184.58,WR,2015
Kanako MURAKAMI,179.66,WR,2015
Polina EDMUNDS,177.83,WR,2015
Zijun LI,165.22,WR,2015
Mae Berenice MEITE,162.75,WR,2015
Alaine CHARTRAND,161.18,WR,2015
So Youn PARK,160.75,WR,2015
Anna POGORILAYA,160.31,WR,2015
Joshi HELGESSON,155.35,WR,2015
Nicole RAJICOVA,152.61,WR,2015
Angelina KUCHVALSKA,141.54,WR,2015
Anne Line GJERSEM,139.75,WR,2015
Dasa GRM,137.45,WR,2015
Hae Jin KIM,136.24,WR,2015
Roberta RODEGHIERO,134.74,WR,2015
Gabrielle DALEMAN,133.57,WR,2015
Elene GEDEVANISHVILI,132.25,WR,2015
Nicole SCHOTT,127.56,WR,2015
Giada RUSSO,120.11,WR,2015
Evgenia MEDVEDEVA,206.01,US,2016
Gracie GOLD,202.8,US,2016
Satoko MIYAHARA,188.07,US,2016
Elizabet TURSYNBAEVA,178.56,US,2016
Karen CHEN,172.54,US,2016
Julia LIPNITSKAIA,170.63,US,2016
Nicole RAJICOVA,167.32,US,2016
Mariah BELL,160.94,US,2016
So Youn PARK,159.66,US,2016
Haruka IMAI,158.65,US,2016
Miyu NAKASHIO,153.29,US,2016
Alaine CHARTRAND,148.2,US,2016
Ashley WAGNER,202.52,CA,2016
Elizaveta TUKTAMYSHEVA,188.99,CA,2016
Yuka NAGAI,172.92,CA,2016
Kanako MURAKAMI,171.59,CA,2016
Gabrielle DALEMAN,170.33,CA,2016
Polina EDMUNDS,168.69,CA,2016
Elizabet TURSYNBAEVA,165.16,CA,2016
Alena LEONOVA,160.37,CA,2016
Joshi HELGESSON,155.7,CA,2016
Veronik MALLET,151.85,CA,2016
Kaetlyn OSMOND,146.06,CA,2016
Isabelle OLSSON,141.58,CA,2016
Elena RADIONOVA,211.32,RU,2016
Evgenia MEDVEDEVA,206.76,RU,2016
Adelina SOTNIKOVA,185.11,RU,2016
Polina EDMUNDS,183.2,RU,2016
Rika HONGO,179.12,RU,2016
Alaine CHARTRAND,173.42,RU,2016
Roberta RODEGHIERO,162.72,RU,2016
Yuka NAGAI,159.62,RU,2016
Joshi HELGESSON,157.54,RU,2016
Riona KATO,155.56,RU,2016
Hannah MILLER,145.21,RU,2016
Dasa GRM,137.56,RU,2016
Mao ASADA,197.48,CN,2016
Rika HONGO,195.76,CN,2016
Elena RADIONOVA,184.28,CN,2016
Anna POGORILAYA,184.16,CN,2016
Karen CHEN,175.93,CN,2016
Courtney HICKS,166.0,CN,2016
Nicole RAJICOVA,165.26,CN,2016
So Youn PARK,164.28,CN,2016
Zijun LI,159.13,CN,2016
Hannah MILLER,151.73,CN,2016
Ziquan ZHAO,139.77,CN,2016
Lu ZHENG,130.32,CN,2016
Satoko MIYAHARA,203.11,JP,2016
Courtney HICKS,183.12,JP,2016
Mao ASADA,182.99,JP,2016
Ashley WAGNER,179.33,JP,2016
Mirai NAGASU,175.64,JP,2016
Kaetlyn OSMOND,168.48,JP,2016
Zijun LI,166.4,JP,2016
Alena LEONOVA,165.75,JP,2016
Anna POGORILAYA,164.63,JP,2016
Mariko KIHARA,163.19,JP,2016
Maria ARTEMIEVA,158.33,JP,2016
Evgenia MEDVEDEVA,222.54,FN,2016
Satoko MIYAHARA,208.85,FN,2016
Elena RADIONOVA,201.13,FN,2016
Ashley WAGNER,199.81,FN,2016
Gracie GOLD,194.79,FN,2016
Mao ASADA,194.32,FN,2016
Evgenia MEDVEDEVA,215.45,EU,2016
Elena RADIONOVA,209.99,EU,2016
Anna POGORILAYA,187.05,EU,2016
Angelina KUCHVALSKA,176.99,EU,2016
Roberta RODEGHIERO,170.76,EU,2016
Mae Berenice MEITE,161.23,EU,2016
Nathalie WEINZIERL,160.64,EU,2016
Viveca LINDFORS,155.49,EU,2016
Joshi HELGESSON,153.29,EU,2016
Laurine LECAVELIER,152.34,EU,2016
Ivett TOTH,150.65,EU,2016
Nicole RAJICOVA,146.1,EU,2016
Matilda ALGOTSSON,145.32,EU,2016
Giada RUSSO,143.4,EU,2016
Anastasia GALUSTYAN,143.05,EU,2016
Aleksandra GOLOVKINA,139.83,EU,2016
Anne Line GJERSEM,139.48,EU,2016
Fleur MAXWELL,137.76,EU,2016
Helery HÄLVIN,135.02,EU,2016
Niki WORIES,131.87,EU,2016
Anna KHNYCHENKOVA,128.8,EU,2016
Kerstin FRANK,128.08,EU,2016
Eliska BREZINOVA,121.26,EU,2016
Isabelle OLSSON,117.5,EU,2016
Satoko MIYAHARA,214.91,4C,2016
Mirai NAGASU,193.86,4C,2016
Rika HONGO,181.78,4C,2016
So Youn PARK,178.92,4C,2016
Gracie GOLD,178.39,4C,2016
Kaetlyn OSMOND,175.63,4C,2016
Kanako MURAKAMI,175.12,4C,2016
Da Bin CHOI,173.71,4C,2016
Na Hyun KIM,170.7,4C,2016
Zijun LI,167.88,4C,2016
Alaine CHARTRAND,165.73,4C,2016
Karen CHEN,161.52,4C,2016
Kailani CRAINE,157.82,4C,2016
Veronik MALLET,155.98,4C,2016
Amy LIN,155.61,4C,2016
Ziquan ZHAO,147.79,4C,2016
Brooklee HAN,135.75,4C,2016
Michaela DU TOIT,121.12,4C,2016
Lu ZHENG,118.73,4C,2016
Maisy Hiu Ching MA,115.1,4C,2016
Katie PASFIELD,95.78,4C,2016
Thita LAMSAM,89.56,4C,2016
Evgenia MEDVEDEVA,223.86,WR,2016
Ashley WAGNER,215.39,WR,2016
Anna POGORILAYA,213.69,WR,2016
Gracie GOLD,211.29,WR,2016
Satoko MIYAHARA,210.61,WR,2016
Elena RADIONOVA,209.81,WR,2016
Mao ASADA,200.3,WR,2016
Rika HONGO,199.15,WR,2016
Gabrielle DALEMAN,195.68,WR,2016
Mirai NAGASU,186.65,WR,2016
Zijun LI,184.52,WR,2016
Elizabet TURSYNBAEVA,183.62,WR,2016
Nicole RAJICOVA,173.05,WR,2016
Da Bin CHOI,159.92,WR,2016
Angelina KUCHVALSKA,158.99,WR,2016
Roberta RODEGHIERO,158.41,WR,2016
Alaine CHARTRAND,157.82,WR,2016
So Youn PARK,154.24,WR,2016
Anna KHNYCHENKOVA,154.02,WR,2016
Viveca LINDFORS,152.93,WR,2016
Amy LIN,146.55,WR,2016
Niki WORIES,140.87,WR,2016
Ziquan ZHAO,139.67,WR,2016
Anastasia GALUSTYAN,136.07,WR,2016
Ashley WAGNER,196.44,US,2017
Mariah BELL,191.59,US,2017
Mai MIHARA,189.28,US,2017
Gabrielle DALEMAN,186.63,US,2017
Gracie GOLD,184.22,US,2017
Mao ASADA,176.78,US,2017
Serafima SAKHANOVICH,163.84,US,2017
So Youn PARK,161.36,US,2017
Roberta RODEGHIERO,149.13,US,2017
Kanako MURAKAMI,145.03,US,2017
Angelina KUCHVALSKA,134.97,US,2017
Evgenia MEDVEDEVA,220.65,CA,2017
Kaetlyn OSMOND,206.45,CA,2017
Satoko MIYAHARA,192.08,CA,2017
Elizaveta TUKTAMYSHEVA,187.99,CA,2017
Alaine CHARTRAND,185.56,CA,2017
Rika HONGO,171.19,CA,2017
Dabin CHOI,165.78,CA,2017
Nahyun KIM,164.48,CA,2017
Mirai NAGASU,151.42,CA,2017
Joshi HELGESSON,149.77,CA,2017
Yuka NAGAI,147.56,CA,2017
Evgenia MEDVEDEVA,221.54,FR,2017
Maria SOTSKOVA,200.35,FR,2017
Wakaba HIGUCHI,194.48,FR,2017
Gabrielle DALEMAN,192.1,FR,2017
So Youn PARK,185.19,FR,2017
Laurine LECAVELIER,184.65,FR,2017
Mae Berenice MEITE,172.65,FR,2017
Gracie GOLD,165.89,FR,2017
Mao ASADA,161.39,FR,2017
Yuka NAGAI,159.49,FR,2017
Anastasia GALUSTYAN,155.49,FR,2017
Alena LEONOVA,141.36,FR,2017
Anna POGORILAYA,215.21,RU,2017
Elena RADIONOVA,195.6,RU,2017
Courtney HICKS,182.98,RU,2017
Zijun LI,181.83,RU,2017
Elizabet TURSYNBAEVA,181.32,RU,2017
Yura MATSUDA,177.65,RU,2017
Nicole RAJICOVA,167.56,RU,2017
Roberta RODEGHIERO,159.8,RU,2017
Anastasia GALUSTYAN,159.26,RU,2017
Angelina KUCHVALSKA,151.09,RU,2017
Kanako MURAKAMI,151.03,RU,2017
Julia LIPNITSKAIA,148.13,RU,2017
Elena RADIONOVA,205.9,CN,2017
Kaetlyn OSMOND,196.0,CN,2017
Elizaveta TUKTAMYSHEVA,192.57,CN,2017
Mai MIHARA,190.92,CN,2017
Rika HONGO,181.75,CN,2017
Ashley WAGNER,181.38,CN,2017
Karen CHEN,179.39,CN,2017
Zijun LI,172.4,CN,2017
Courtney HICKS,163.64,CN,2017
Xiangning LI,157.27,CN,2017
Ziquan ZHAO,149.12,CN,2017
Joshi HELGESSON,144.64,CN,2017
Anna POGORILAYA,210.86,JP,2017
Satoko MIYAHARA,198.0,JP,2017
Maria SOTSKOVA,195.88,JP,2017
Wakaba HIGUCHI,185.39,JP,2017
Mirai NAGASU,180.33,JP,2017
Karen CHEN,178.45,JP,2017
Yura MATSUDA,178.26,JP,2017
Elizabet TURSYNBAEVA,175.11,JP,2017
Dabin CHOI,165.63,JP,2017
Alaine CHARTRAND,160.22,JP,2017
Nicole RAJICOVA,159.7,JP,2017
Evgenia MEDVEDEVA,227.66,FN,2017
Satoko MIYAHARA,218.33,FN,2017
Anna POGORILAYA,216.47,FN,2017
Kaetlyn OSMOND,212.45,FN,2017
Maria SOTSKOVA,198.79,FN,2017
Elena RADIONOVA,188.81,FN,2017
Evgenia MEDVEDEVA,229.71,EU,2017
Anna POGORILAYA,211.39,EU,2017
Carolina KOSTNER,210.52,EU,2017
Maria SOTSKOVA,192.52,EU,2017
Laurine LECAVELIER,188.1,EU,2017
Nicole RAJICOVA,179.7,EU,2017
Loena HENDRICKX,172.71,EU,2017
Ivett TOTH,172.65,EU,2017
Roberta RODEGHIERO,161.0,EU,2017
Nicole SCHOTT,160.63,EU,2017
Emmi PELTONEN,160.57,EU,2017
Anastasia GALUSTYAN,155.14,EU,2017
Matilda ALGOTSSON,154.63,EU,2017
Joshi HELGESSON,152.86,EU,2017
Helery HÄLVIN,146.68,EU,2017
Mae Berenice MEITE,145.07,EU,2017
Nathalie WEINZIERL,143.4,EU,2017
Natasha MCKAY,140.85,EU,2017
Angelina KUCHVALSKA,139.63,EU,2017
Michaela-Lucie HANZLIKOVA,138.23,EU,2017
Anna KHNYCHENKOVA,136.57,EU,2017
Kerstin FRANK,132.08,EU,2017
Viveca LINDFORS,130.1,EU,2017
Anne Line GJERSEM,128.68,EU,2017
Mai MIHARA,200.85,4C,2017
Gabrielle DALEMAN,196.91,4C,2017
Mirai NAGASU,194.95,4C,2017
Kaetlyn OSMOND,184.17,4C,2017
Dabin CHOI,182.41,4C,2017
Mariah BELL,177.1,4C,2017
Zijun LI,177.05,4C,2017
Elizabet TURSYNBAEVA,176.65,4C,2017
Wakaba HIGUCHI,172.05,4C,2017
Rika HONGO,167.42,4C,2017
Alaine CHARTRAND,167.12,4C,2017
Karen CHEN,166.82,4C,2017
Xiangning LI,164.85,4C,2017
Brooklee HAN,152.05,4C,2017
Ziquan ZHAO,147.37,4C,2017
Kailani CRAINE,136.91,4C,2017
Amy LIN,125.02,4C,2017
Maisy Hiu Ching MA,124.65,4C,2017
Suh Hyun SON,122.35,4C,2017
Chloe ING,120.18,4C,2017
Shuran YU,118.4,4C,2017
Evgenia MEDVEDEVA,233.41,WR,2017
Kaetlyn OSMOND,218.13,WR,2017
Gabrielle DALEMAN,213.52,WR,2017
Karen CHEN,199.29,WR,2017
Mai MIHARA,197.88,WR,2017
Carolina KOSTNER,196.83,WR,2017
Ashley WAGNER,193.54,WR,2017
Maria SOTSKOVA,192.2,WR,2017
Elizabet TURSYNBAEVA,191.99,WR,2017
Dabin CHOI,191.11,WR,2017
Wakaba HIGUCHI,188.05,WR,2017
Mariah BELL,187.23,WR,2017
Anna POGORILAYA,183.37,WR,2017
Xiangning LI,175.37,WR,2017
Loena HENDRICKX,172.82,WR,2017
Rika HONGO,169.83,WR,2017
Nicole RAJICOVA,165.55,WR,2017
Laurine LECAVELIER,162.99,WR,2017
Nicole SCHOTT,161.41,WR,2017
Ivett TOTH,160.77,WR,2017
Zijun LI,159.8,WR,2017
Angelina KUCHVALSKA,155.02,WR,2017
Anastasia GALUSTYAN,153.47,WR,2017
Kailani CRAINE,152.94,WR,2017
Satoko MIYAHARA,214.03,US,2018
Kaori SAKAMOTO,210.59,US,2018
Bradie TENNELL,204.1,US,2018
Polina TSURSKAYA,195.56,US,2018
Serafima SAKHANOVICH,189.75,US,2018
Gabrielle DALEMAN,189.14,US,2018
Alena LEONOVA,185.93,US,2018
Karen CHEN,182.8,US,2018
Nicole RAJICOVA,167.61,US,2018
Xiangning LI,164.32,US,2018
Kaetlyn OSMOND,212.91,CA,2018
Maria SOTSKOVA,192.52,CA,2018
Ashley WAGNER,183.94,CA,2018
Courtney HICKS,182.57,CA,2018
Marin HONDA,178.24,CA,2018
Rika HONGO,176.34,CA,2018
Karen CHEN,170.4,CA,2018
Laurine LECAVELIER,166.43,CA,2018
Anna POGORILAYA,156.89,CA,2018
Kailani CRAINE,143.03,CA,2018
Alaine CHARTRAND,134.17,CA,2018
Larkyn AUSTMAN,123.56,CA,2018
Alina ZAGITOVA,213.8,FR,2018
Maria SOTSKOVA,208.78,FR,2018
Kaetlyn OSMOND,206.77,FR,2018
Mai MIHARA,202.12,FR,2018
Elizabet TURSYNBAEVA,200.98,FR,2018
Yuna SHIRAIWA,193.18,FR,2018
Nicole SCHOTT,172.39,FR,2018
Mae Berenice MEITE,171.4,FR,2018
Elizaveta TUKTAMYSHEVA,167.65,FR,2018
Polina EDMUNDS,157.77,FR,2018
Laurine LECAVELIER,154.35,FR,2018
Evgenia MEDVEDEVA,231.21,RU,2018
Carolina KOSTNER,215.98,RU,2018
Wakaba HIGUCHI,207.17,RU,2018
Elena RADIONOVA,195.52,RU,2018
Kaori SAKAMOTO,194.0,RU,2018
Mariah BELL,188.56,RU,2018
Valeriia MIKHAILOVA,185.09,RU,2018
Elizabet TURSYNBAEVA,184.95,RU,2018
Mirai NAGASU,178.25,RU,2018
Nicole SCHOTT,168.72,RU,2018
Mae Berenice MEITE,160.96,RU,2018
Anastasia GALUSTYAN,154.9,RU,2018
Alina ZAGITOVA,213.88,CN,2018
Wakaba HIGUCHI,212.52,CN,2018
Elena RADIONOVA,206.82,CN,2018
Mai MIHARA,206.07,CN,2018
Marin HONDA,198.32,CN,2018
Gabrielle DALEMAN,196.83,CN,2018
Elizaveta TUKTAMYSHEVA,196.68,CN,2018
Xiangning LI,174.82,CN,2018
Dabin CHOI,165.99,CN,2018
Amber GLENN,151.14,CN,2018
Ziquan ZHAO,144.71,CN,2018
Evgenia MEDVEDEVA,224.39,JP,2018
Carolina KOSTNER,212.24,JP,2018
Polina TSURSKAYA,210.19,JP,2018
Mirai NAGASU,194.46,JP,2018
Satoko MIYAHARA,191.8,JP,2018
Alena LEONOVA,190.95,JP,2018
Rika HONGO,187.83,JP,2018
Yuna SHIRAIWA,171.94,JP,2018
Mariah BELL,166.04,JP,2018
Nicole RAJICOVA,159.78,JP,2018
Alaine CHARTRAND,159.36,JP,2018
Soyoun PARK,135.79,JP,2018
Alina ZAGITOVA,223.3,FN,2018
Maria SOTSKOVA,216.28,FN,2018
Kaetlyn OSMOND,215.16,FN,2018
Carolina KOSTNER,214.65,FN,2018
Satoko MIYAHARA,213.49,FN,2018
Wakaba HIGUCHI,202.11,FN,2018
Alina ZAGITOVA,238.24,EU,2018
Evgenia MEDVEDEVA,232.86,EU,2018
Carolina KOSTNER,204.25,EU,2018
Maria SOTSKOVA,200.81,EU,2018
Loena HENDRICKX,176.91,EU,2018
Nicole RAJICOVA,171.9,EU,2018
Alexia PAGANINI,161.62,EU,2018
Mae Berenice MEITE,159.7,EU,2018
Emmi PELTONEN,159.48,EU,2018
Nicole SCHOTT,157.84,EU,2018
Laurine LECAVELIER,154.11,EU,2018
Eliska BREZINOVA,149.69,EU,2018
Ivett TOTH,148.98,EU,2018
Viveca LINDFORS,147.89,EU,2018
Micol CRISTINI,147.8,EU,2018
Lea Johanna DASTICH,146.82,EU,2018
Anita ÖSTLUND,145.14,EU,2018
Anne Line GJERSEM,142.68,EU,2018
Giada RUSSO,142.38,EU,2018
Dasa GRM,137.31,EU,2018
Pernille SORENSEN,133.94,EU,2018
Elzbieta KROPA,133.87,EU,2018
Anna KHNYCHENKOVA,132.7,EU,2018
Silvia HUGEC,123.45,EU,2018
Kaori SAKAMOTO,214.21,4C,2018
Mai MIHARA,210.57,4C,2018
Satoko MIYAHARA,207.02,4C,2018
Dabin CHOI,190.23,4C,2018
Mariah BELL,185.84,4C,2018
Hanul KIM,173.1,4C,2018
Starr ANDREWS,172.65,4C,2018
Alaine CHARTRAND,172.41,4C,2018
Angela WANG,161.04,4C,2018
Xiangning LI,160.4,4C,2018
Soyoun PARK,159.48,4C,2018
Elizabet TURSYNBAEVA,156.19,4C,2018
Alicia PINEAULT,152.81,4C,2018
Brooklee HAN,150.65,4C,2018
Michelle LONG,147.5,4C,2018
Kailani CRAINE,141.04,4C,2018
Ziquan ZHAO,139.01,4C,2018
Amy LIN,137.4,4C,2018
Chloe ING,129.7,4C,2018
Aiza MAMBEKOVA,121.0,4C,2018
Joanna SO,107.69,4C,2018
Natalie SANGKAGALO,93.61,4C,2018
Thita LAMSAM,79.33,4C,2018
ZAGITOVA Alina,239.57,OL,2018
MEDVEDEVA Evgenia,238.26,OL,2018
OSMOND Kaetlyn,231.02,OL,2018
MIYAHARA Satoko,222.38,OL,2018
KOSTNER Carolina,212.44,OL,2018
SAKAMOTO Kaori,209.71,OL,2018
CHOI Dabin,199.26,OL,2018
SOTSKOVA Maria,198.1,OL,2018
TENNELL Bradie,192.35,OL,2018
NAGASU Mirai,186.54,OL,2018
CHEN Karen,185.65,OL,2018
TURSYNBAEVA Elizabet,177.12,OL,2018
KIM Hanul,175.71,OL,2018
RAJICOVA Nicole,175.19,OL,2018
DALEMAN Gabrielle,172.46,OL,2018
HENDRICKX Loena,171.88,OL,2018
CRAINE Kailani,168.61,OL,2018
SCHOTT Nicole,168.46,OL,2018
MEITE Mae Berenice,159.92,OL,2018
PELTONEN Emmi,157.14,OL,2018
PAGANINI Alexia,156.26,OL,2018
LI Xiangning,154.43,OL,2018
TOTH Ivett,150.43,OL,2018
WILLIAMS Isadora,144.18,OL,2018
Kaetlyn OSMOND,223.23,WR,2018
Wakaba HIGUCHI,210.9,WR,2018
Satoko MIYAHARA,210.08,WR,2018
Carolina KOSTNER,208.88,WR,2018
Alina ZAGITOVA,207.72,WR,2018
Bradie TENNELL,199.89,WR,2018
Gabrielle DALEMAN,196.72,WR,2018
Maria SOTSKOVA,196.61,WR,2018
Loena HENDRICKX,192.31,WR,2018
Mirai NAGASU,187.52,WR,2018
Elizabet TURSYNBAEVA,186.85,WR,2018
Mariah BELL,174.4,WR,2018
Nicole SCHOTT,174.13,WR,2018
Laurine LECAVELIER,173.23,WR,2018
Hanul KIM,170.68,WR,2018
Viveca LINDFORS,166.23,WR,2018
Kailani CRAINE,154.41,WR,2018
Eliska BREZINOVA,153.14,WR,2018
Stanislava KONSTANTINOVA,153.03,WR,2018
Alexia PAGANINI,149.66,WR,2018
Elisabetta LECCARDI,149.17,WR,2018
Dasa GRM,144.51,WR,2018
Ivett TOTH,136.87,WR,2018
Dabin CHOI,5530.0,WR,2018
Satoko MIYAHARA,219.71,US,2019
Kaori SAKAMOTO,213.9,US,2019
Sofia SAMODUROVA,198.7,US,2019
Bradie TENNELL,192.89,US,2019
Laurine LECAVELIER,172.41,US,2019
Megan WESSENBERG,170.33,US,2019
Polina TSURSKAYA,159.45,US,2019
Marin HONDA,158.04,US,2019
Alaine CHARTRAND,155.49,US,2019
Starr ANDREWS,150.56,US,2019
Elizaveta TUKTAMYSHEVA,203.32,CA,2019
Mako YAMASHITA,203.06,CA,2019
Evgenia MEDVEDEVA,197.91,CA,2019
Mariah BELL,190.25,CA,2019
Elizabet TURSYNBAEVA,185.71,CA,2019
Wakaba HIGUCHI,181.29,CA,2019
Starr ANDREWS,174.72,CA,2019
Alaine CHARTRAND,172.17,CA,2019
Daria PANENKOVA,168.54,CA,2019
Alicia PINEAULT,158.29,CA,2019
Yura MATSUDA,157.59,CA,2019
Rika KIHIRA,205.92,FR,2019
Mai MIHARA,202.81,FR,2019
Bradie TENNELL,197.78,FR,2019
Evgenia MEDVEDEVA,192.81,FR,2019
Stanislava KONSTANTINOVA,189.67,FR,2019
Marin HONDA,188.61,FR,2019
Maria SOTSKOVA,177.59,FR,2019
Mae Berenice MEITE,168.02,FR,2019
Laurine LECAVELIER,157.24,FR,2019
Alexia PAGANINI,156.51,FR,2019
Lea SERNA,149.49,FR,2019
Matilda ALGOTSSON,146.35,FR,2019
Alina ZAGITOVA,222.95,RU,2019
Sofia SAMODUROVA,198.01,RU,2019
Eunsoo LIM,185.67,RU,2019
Alexia PAGANINI,182.5,RU,2019
Yuna SHIRAIWA,180.93,RU,2019
Elizabet TURSYNBAEVA,180.45,RU,2019
Mako YAMASHITA,161.22,RU,2019
Polina TSURSKAYA,149.45,RU,2019
Yura MATSUDA,137.99,RU,2019
Rika KIHIRA,224.31,JP,2019
Satoko MIYAHARA,219.47,JP,2019
Elizaveta TUKTAMYSHEVA,219.02,JP,2019
Mai MIHARA,204.2,JP,2019
Mariah BELL,198.96,JP,2019
Eunsoo LIM,196.31,JP,2019
Alena LEONOVA,194.15,JP,2019
Courtney HICKS,178.07,JP,2019
Maria SOTSKOVA,176.99,JP,2019
Mae Berenice MEITE,162.58,JP,2019
Angela WANG,159.36,JP,2019
Kailani CRAINE,154.22,JP,2019
Alina ZAGITOVA,215.29,FI,2019
Stanislava KONSTANTINOVA,197.57,FI,2019
Kaori SAKAMOTO,197.42,FI,2019
Yuna SHIRAIWA,191.46,FI,2019
Loena HENDRICKX,191.22,FI,2019
Daria PANENKOVA,161.48,FI,2019
Hanul KIM,160.15,FI,2019
Viveca LINDFORS,159.62,FI,2019
Emmi PELTONEN,158.72,FI,2019
Rika HONGO,156.59,FI,2019
Angela WANG,149.57,FI,2019
Rika KIHIRA,233.12,FN,2019
Alina ZAGITOVA,226.53,FN,2019
Elizaveta TUKTAMYSHEVA,215.32,FN,2019
Kaori SAKAMOTO,211.68,FN,2019
Sofia SAMODUROVA,204.33,FN,2019
Satoko MIYAHARA,201.31,FN,2019
Sofia SAMODUROVA,213.84,EU,2019
Alina ZAGITOVA,198.34,EU,2019
Viveca LINDFORS,194.4,EU,2019
Stanislava KONSTANTINOVA,189.72,EU,2019
Laurine LECAVELIER,180.05,EU,2019
Alexia PAGANINI,179.9,EU,2019
Mae Berenice MEITE,177.1,EU,2019
Emmi PELTONEN,170.03,EU,2019
Nicole RAJICOVA,169.03,EU,2019
Eliska BREZINOVA,166.77,EU,2019
Alexandra FEIGIN,164.2,EU,2019
Ekaterina RYABOVA,163.17,EU,2019
Ivett TOTH,160.83,EU,2019
Julia SAUTER,153.15,EU,2019
Yasmine Kimiko YAMADA,151.12,EU,2019
Nicole SCHOTT,149.26,EU,2019
Dasa GRM,147.29,EU,2019
Anita ÖSTLUND,144.66,EU,2019
Lucrezia GENNARO,143.1,EU,2019
Natasha MCKAY,140.08,EU,2019
Nathalie WEINZIERL,134.58,EU,2019
Anastasiya GALUSTYAN,132.63,EU,2019
Pernille SORENSEN,131.78,EU,2019
Antonina DUBININA,120.25,EU,2019
Rika KIHIRA,221.99,4C,2019
Elizabet TURSYNBAEVA,207.46,4C,2019
Mai MIHARA,207.12,4C,2019
Kaori SAKAMOTO,206.79,4C,2019
Bradie TENNELL,202.07,4C,2019
Mariah BELL,193.94,4C,2019
Eunsoo LIM,191.85,4C,2019
Yelim KIM,187.93,4C,2019
Veronik MALLET,170.46,4C,2019
Larkyn AUSTMAN,165.21,4C,2019
Ting CUI,164.84,4C,2019
Yi Christy LEUNG,164.79,4C,2019
Hanul KIM,162.48,4C,2019
Hongyi CHEN,150.5,4C,2019
Kailani CRAINE,149.52,4C,2019
Alaine CHARTRAND,147.54,4C,2019
Isadora WILLIAMS,138.26,4C,2019
Alisson Krystle PERTICHETO,136.97,4C,2019
Amy LIN,134.56,4C,2019
Andrea MONTESINOS CANTU,124.51,4C,2019
Joanna SO,117.82,4C,2019
