name,year,event,score
"Angela, NIKODINOV",2005,US,149.5
"Cynthia, PHANEUF",2005,US,144.4
"Miki, ANDO",2005,US,142.64
"Alissa, CZISNY",2005,US,141.36
"Susanna, POYKIO",2005,US,140.38
"Elena, LIASHENKO",2005,US,135.8
"Yukina, OTA",2005,US,130.7
"Miriam, MANZANO",2005,US,125.3
"Idora, HEGEL",2005,US,116.98
"Anne Sophie, CALVEZ",2005,US,102.88
"Fan, ZHANG",2005,US,85.52
"Cynthia, PHANEUF",2005,CA,159.66
"Yoshie, ONDA",2005,CA,151.54
"Susanna, POYKIO",2005,CA,148.94
"Fumie, SUGURI",2005,CA,148.32
"Carolina, KOSTNER",2005,CA,138.94
"Julia, SEBESTYEN",2005,CA,132.74
"Mira, LEUNG",2005,CA,123.96
"Jenna, MCCORKELL",2005,CA,121.76
"Lina, JOHANSSON",2005,CA,118.8
"Lesley, HAWKER",2005,CA,118.1
"Yukari, NAKANO",2005,CA,113.68
"Zuzana, BABIAKOVA",2005,CA,103.52
"Joannie, ROCHETTE",2005,FR,168.72
"Carolina, KOSTNER",2005,FR,143.5
"Julia, SEBESTYEN",2005,FR,136.52
"Fumie, SUGURI",2005,FR,131.3
"Amber, CORWIN",2005,FR,127.88
"Annette, DYTRT",2005,FR,123.8
"Anne Sophie, CALVEZ",2005,FR,118.46
"Tatiana, BASOVA",2005,FR,110.66
"Alisa, DREI",2005,FR,107.08
"Valentina, MARCHEI",2005,FR,106.24
"Dan, FANG",2005,FR,98.9
"Irina, SLUTSKAYA",2005,RU,183.02
"Shizuka, ARAKAWA",2005,RU,155.52
"Julia, SEBESTYEN",2005,RU,155.06
"Elena, SOKOLOVA",2005,RU,147.94
"Annette, DYTRT",2005,RU,136.2
"Galina, MANIACHENKO",2005,RU,136.16
"Carolina, KOSTNER",2005,RU,128.92
"Yan, LIU",2005,RU,119.6
"Daria, TIMOSHENKO",2005,RU,116.74
"Jennifer, KIRK",2005,RU,114.54
"Tatiana, BASOVA",2005,RU,108.26
"Elina, KETTUNEN",2005,RU,106.74
"Irina, SLUTSKAYA",2005,CN,177.8
"Viktoria, VOLCHKOVA",2005,CN,154.16
"Joannie, ROCHETTE",2005,CN,152.12
"Miki, ANDO",2005,CN,150.32
"Elina, KETTUNEN",2005,CN,138.4
"Jenna, MCCORKELL",2005,CN,131.08
"Mira, LEUNG",2005,CN,128.9
"Angela, NIKODINOV",2005,CN,124.5
"Dan, FANG",2005,CN,121.2
"Yan, LIU",2005,CN,120.24
"Yukari, NAKANO",2005,CN,116.94
"Shizuka, ARAKAWA",2005,JP,179.06
"Miki, ANDO",2005,JP,170.36
"Elena, SOKOLOVA",2005,JP,148.76
"Yoshie, ONDA",2005,JP,146.68
"Viktoria, VOLCHKOVA",2005,JP,141.72
"Elena, LIASHENKO",2005,JP,138.32
"Miriam, MANZANO",2005,JP,128.42
"Amber, CORWIN",2005,JP,127.24
"Alisa, DREI",2005,JP,126.6
"Idora, HEGEL",2005,JP,111.22
"Valentina, MARCHEI",2005,JP,95.18
"Irina, SLUTSKAYA",2005,FN,180.88
"Shizuka, ARAKAWA",2005,FN,160.24
"Joannie, ROCHETTE",2005,FN,156.68
"Miki, ANDO",2005,FN,151.1
"Yoshie, ONDA",2005,FN,138.22
"Cynthia, PHANEUF",2005,FN,134.06
"Irina, SLUTSKAYA",2005,EU,168.71
"Susanna, POYKIO",2005,EU,158.93
"Elena, LIASHENKO",2005,EU,158.02
"Julia, SEBESTYEN",2005,EU,157.13
"Elena, SOKOLOVA",2005,EU,150.88
"Galina, MANIACHENKO",2005,EU,145.86
"Carolina, KOSTNER",2005,EU,142.71
"Daria, TIMOSHENKO",2005,EU,132.19
"Idora, HEGEL",2005,EU,132.01
"Sarah, MEIER",2005,EU,129.63
"Elina, KETTUNEN",2005,EU,128.58
"Annette, DYTRT",2005,EU,127.13
"Kiira, KORPI",2005,EU,125.46
"Fleur, MAXWELL",2005,EU,123.24
"Roxana, LUCA",2005,EU,121.22
"Jenna, MCCORKELL",2005,EU,120.91
"Lina, JOHANSSON",2005,EU,110.04
"Diana, POTH",2005,EU,108.89
"Tugba, KARADEMIR",2005,EU,106.98
"Karen, VENHUIZEN",2005,EU,105.45
"Candice, DIDIER",2005,EU,102.87
"Sonia, RADEVA",2005,EU,101.84
"Andrea, KREUZER",2005,EU,92.82
"Bianka, PADAR",2005,EU,92.18
"Fumie, SUGURI",2005,4C,178.66
"Yoshie, ONDA",2005,4C,166.8
"Jennifer, KIRK",2005,4C,148.06
"Joanne, CARTER",2005,4C,134.09
"Lesley, HAWKER",2005,4C,133.2
"Amber, CORWIN",2005,4C,132.36
"Beatrisa, LIANG",2005,4C,130.78
"Yan, LIU",2005,4C,128.5
"Miriam, MANZANO",2005,4C,122.72
"Ji Eun, CHOI",2005,4C,122.68
"Yukari, NAKANO",2005,4C,121.74
"Dan, FANG",2005,4C,120.56
"Vicky, BOISSONNEAULT",2005,4C,119.06
"Chae-Hwa, KIM",2005,4C,117.84
"Na, HOU",2005,4C,112.26
"Michele, CANTU",2005,4C,93.99
"Yea-Ji, SHIN",2005,4C,91.92
"Shirene, HUMAN",2005,4C,88.0
"Diane, CHEN",2005,4C,86.02
"Jenna-Anne, BUYS",2005,4C,82.38
"Sarah-Yvonne, PRYTULA",2005,4C,82.16
"Ana Cecilia, CANTU",2005,4C,81.88
"Gladys, OROZCO",2005,4C,79.03
"Shirley Hsin Hui, TSAI",2005,4C,66.28
"Irina, SLUTSKAYA",2005,WR,222.71
"Sasha, COHEN",2005,WR,214.39
"Carolina, KOSTNER",2005,WR,200.56
"Michele, KWAN",2005,WR,200.19
"Fumie, SUGURI",2005,WR,196.01
"Miki, ANDO",2005,WR,193.14
"Elena, SOKOLOVA",2005,WR,189.48
"Susanna, POYKIO",2005,WR,187.67
"Shizuka, ARAKAWA",2005,WR,185.73
"Elena, LIASHENKO",2005,WR,174.18
"Joannie, ROCHETTE",2005,WR,172.99
"Julia, SEBESTYEN",2005,WR,167.56
"Idora, HEGEL",2005,WR,164.97
"Sarah, MEIER",2005,WR,164.68
"Annette, DYTRT",2005,WR,163.49
"Joanne, CARTER",2005,WR,163.38
"Jennifer, KIRK",2005,WR,156.81
"Viktoria, PAVUK",2005,WR,148.46
"Lina, JOHANSSON",2005,WR,145.94
"Cynthia, PHANEUF",2005,WR,143.44
"Yan, LIU",2005,WR,142.33
"Jenna, MCCORKELL",2005,WR,142.0
"Candice, DIDIER",2005,WR,129.68
"Karen, VENHUIZEN",2005,WR,125.58
"Elena, SOKOLOVA",2006,US,163.02
"Alissa, CZISNY",2006,US,159.3
"Yoshie, ONDA",2006,US,150.98
"Beatrisa, LIANG",2006,US,133.0
"Emily, HUGHES",2006,US,126.78
"Mira, LEUNG",2006,US,125.82
"Constanze, PAULINUS",2006,US,122.06
"Julia, SEBESTYEN",2006,US,121.78
"Dan, FANG",2006,US,112.26
"Idora, HEGEL",2006,US,106.42
"Alissa, CZISNY",2006,CA,168.32
"Joannie, ROCHETTE",2006,CA,158.3
"Yukari, NAKANO",2006,CA,149.54
"Yan, LIU",2006,CA,142.58
"Sarah, MEIER",2006,CA,141.78
"Mira, LEUNG",2006,CA,134.3
"Carolina, KOSTNER",2006,CA,132.64
"Fumie, SUGURI",2006,CA,132.0
"Lesley, HAWKER",2006,CA,127.8
"Joanne, CARTER",2006,CA,116.7
"Mao, ASADA",2006,FR,182.42
"Sasha, COHEN",2006,FR,175.12
"Shizuka, ARAKAWA",2006,FR,173.3
"Joannie, ROCHETTE",2006,FR,167.22
"Kimmie, MEISSNER",2006,FR,155.72
"Elena, SOKOLOVA",2006,FR,152.52
"Annette, DYTRT",2006,FR,131.88
"Galina, EFREMENKO",2006,FR,107.98
"Anne Sophie, CALVEZ",2006,FR,102.9
"Fleur, MAXWELL",2006,FR,102.44
"Nadege, BOBILLIER",2006,FR,101.96
"Irina, SLUTSKAYA",2006,RU,198.06
"Miki, ANDO",2006,RU,172.3
"Yoshie, ONDA",2006,RU,142.4
"Susanna, POYKIO",2006,RU,131.3
"Emily, HUGHES",2006,RU,125.76
"Julia, SEBESTYEN",2006,RU,124.38
"Anastasia, GIMAZETDINOVA",2006,RU,121.96
"Amber, CORWIN",2006,RU,115.0
"Na, HOU",2006,RU,107.62
"Tatiana, BASOVA",2006,RU,102.76
"Irina, SLUTSKAYA",2006,CN,196.12
"Mao, ASADA",2006,CN,176.6
"Shizuka, ARAKAWA",2006,CN,173.6
"Elena, LIASHENKO",2006,CN,160.7
"Yan, LIU",2006,CN,145.92
"Viktoria, PAVUK",2006,CN,129.84
"Dan, FANG",2006,CN,122.54
"Na, HOU",2006,CN,106.34
"Idora, HEGEL",2006,CN,104.78
"Amber, CORWIN",2006,CN,91.06
"Yukari, NAKANO",2006,JP,158.66
"Fumie, SUGURI",2006,JP,158.48
"Elena, LIASHENKO",2006,JP,156.52
"Miki, ANDO",2006,JP,154.34
"Kimmie, MEISSNER",2006,JP,152.18
"Carolina, KOSTNER",2006,JP,145.42
"Sarah, MEIER",2006,JP,142.56
"Annette, DYTRT",2006,JP,125.38
"Viktoria, PAVUK",2006,JP,125.04
"Karen, VENHUIZEN",2006,JP,105.56
"Miriam, MANZANO",2006,JP,103.3
"Mao, ASADA",2006,FN,189.62
"Irina, SLUTSKAYA",2006,FN,181.48
"Yukari, NAKANO",2006,FN,161.82
"Miki, ANDO",2006,FN,157.3
"Elena, SOKOLOVA",2006,FN,150.08
"Alissa, CZISNY",2006,FN,140.9
"Irina, SLUTSKAYA",2006,EU,193.24
"Elena, SOKOLOVA",2006,EU,177.81
"Carolina, KOSTNER",2006,EU,172.45
"Sarah, MEIER",2006,EU,167.16
"Elene, GEDEVANISHVILI",2006,EU,153.27
"Kiira, KORPI",2006,EU,146.37
"Susanna, POYKIO",2006,EU,144.75
"Alisa, DREI",2006,EU,141.55
"Viktoria, VOLCHKOVA",2006,EU,131.88
"Annette, DYTRT",2006,EU,131.11
"Idora, HEGEL",2006,EU,127.15
"Viktoria, PAVUK",2006,EU,126.88
"Tugba, KARADEMIR",2006,EU,124.72
"Julia, SEBESTYEN",2006,EU,121.9
"Elena, GLEBOVA",2006,EU,116.59
"Sonia, RADEVA",2006,EU,114.24
"Nadege, BOBILLIER",2006,EU,112.88
"Andrea, KREUZER",2006,EU,111.95
"Valentina, MARCHEI",2006,EU,111.66
"Teodora, POSTIC",2006,EU,111.15
"Martine, ZUIDERWIJK",2006,EU,104.77
"Ekaterina, PROYDA",2006,EU,96.47
"Jacqueline, BELENYESIOVA",2006,EU,94.93
"Lina, JOHANSSON",2006,EU,90.61
"Katy, TAYLOR",2006,4C,164.05
"Yukari, NAKANO",2006,4C,161.49
"Beatrisa, LIANG",2006,4C,159.91
"Lesley, HAWKER",2006,4C,145.94
"Meagan, DUHAMEL",2006,4C,145.28
"Mai, ASADA",2006,4C,141.65
"Yan, LIU",2006,4C,138.55
"Joanne, CARTER",2006,4C,133.97
"Akiko, KITAMURA",2006,4C,132.04
"Christine, ZUKOWSKI",2006,4C,131.42
"Amelie, LACOSTE",2006,4C,127.29
"Miriam, MANZANO",2006,4C,114.37
"Ji Eun, CHOI",2006,4C,112.42
"Chae-Hwa, KIM",2006,4C,112.0
"Dan, FANG",2006,4C,105.67
"Michele, CANTU",2006,4C,99.07
"Yea-Ji, SHIN",2006,4C,92.36
"Ana Cecilia, CANTU",2006,4C,92.22
"Tammy, SUTAN",2006,4C,90.8
"Emily, NAPHTAL",2006,4C,82.55
"Diane, CHEN",2006,4C,80.61
"Laura, DOWNING",2006,4C,73.42
"Megan, ALLELY",2006,4C,64.23
"Shizuka, ARAKAWA",2006,OL,191.34
"Sasha, COHEN",2006,OL,183.36
"Irina, SLUTSKAYA",2006,OL,181.44
"Fumie, SUGURI",2006,OL,175.23
"Joannie, ROCHETTE",2006,OL,167.27
"Kimmie, MEISSNER",2006,OL,165.71
"Emily, HUGHES",2006,OL,160.87
"Sarah, MEIER",2006,OL,156.13
"Carolina, KOSTNER",2006,OL,153.5
"Elene, GEDEVANISHVILI",2006,OL,151.46
"Yan, LIU",2006,OL,145.3
"Mira, LEUNG",2006,OL,145.16
"Susanna, POYKIO",2006,OL,143.22
"Elena, SOKOLOVA",2006,OL,142.35
"Miki, ANDO",2006,OL,140.2
"Kiira, KORPI",2006,OL,137.2
"Elena, LIASHENKO",2006,OL,134.08
"Julia, SEBESTYEN",2006,OL,129.26
"Idora, HEGEL",2006,OL,127.07
"Galina, EFREMENKO",2006,OL,125.37
"Tugba, KARADEMIR",2006,OL,123.64
"Silvia, FONTANA",2006,OL,120.37
"Viktoria, PAVUK",2006,OL,119.85
"Fleur, MAXWELL",2006,OL,109.57
"Kimmie, MEISSNER",2006,WR,218.33
"Fumie, SUGURI",2006,WR,209.74
"Sasha, COHEN",2006,WR,208.88
"Elena, SOKOLOVA",2006,WR,202.27
"Yukari, NAKANO",2006,WR,195.65
"Sarah, MEIER",2006,WR,195.11
"Joannie, ROCHETTE",2006,WR,189.41
"Emily, HUGHES",2006,WR,184.75
"Susanna, POYKIO",2006,WR,180.06
"Kiira, KORPI",2006,WR,176.65
"Yoshie, ONDA",2006,WR,172.46
"Carolina, KOSTNER",2006,WR,172.45
"Mira, LEUNG",2006,WR,168.8
"Elene, GEDEVANISHVILI",2006,WR,164.92
"Idora, HEGEL",2006,WR,163.58
"Yan, LIU",2006,WR,159.05
"Amanda, NYLANDER",2006,WR,154.08
"Tugba, KARADEMIR",2006,WR,153.25
"Arina, MARTINOVA",2006,WR,149.89
"Galina, EFREMENKO",2006,WR,149.65
"Anastasia, GIMAZETDINOVA",2006,WR,149.43
"Julia, SEBESTYEN",2006,WR,142.3
"Valentina, MARCHEI",2006,WR,141.51
"Annette, DYTRT",2006,WR,137.31
"Miki, ANDO",2007,US,192.59
"Kimmie, MEISSNER",2007,US,177.78
"Mao, ASADA",2007,US,171.23
"Sarah, MEIER",2007,US,169.01
"Emily, HUGHES",2007,US,147.34
"Mai, ASADA",2007,US,138.29
"Kiira, KORPI",2007,US,132.93
"Mira, LEUNG",2007,US,128.07
"Valentina, MARCHEI",2007,US,116.81
"Michele, CANTU",2007,US,108.04
"Katy, TAYLOR",2007,US,106.07
"Joannie, ROCHETTE",2007,CA,173.86
"Fumie, SUGURI",2007,CA,168.76
"Yuna, KIM",2007,CA,168.48
"Alissa, CZISNY",2007,CA,163.69
"Susanna, POYKIO",2007,CA,161.58
"Mira, LEUNG",2007,CA,150.92
"Yoshie, ONDA",2007,CA,146.95
"Binshu, XU",2007,CA,142.7
"Lesley, HAWKER",2007,CA,136.68
"Alisa, DREI",2007,CA,121.65
"Tugba, KARADEMIR",2007,CA,112.09
"Katy, TAYLOR",2007,CA,110.57
"Yuna, KIM",2007,FR,184.54
"Miki, ANDO",2007,FR,174.44
"Kimmie, MEISSNER",2007,FR,158.03
"Joannie, ROCHETTE",2007,FR,151.52
"Susanna, POYKIO",2007,FR,148.81
"Valentina, MARCHEI",2007,FR,129.73
"Christine, ZUKOWSKI",2007,FR,123.59
"Anne Sophie, CALVEZ",2007,FR,123.26
"Nadege, BOBILLIER",2007,FR,109.88
"Sonia, RADEVA",2007,FR,95.74
"Candice, DIDIER",2007,FR,91.68
"Sarah, MEIER",2007,RU,159.17
"Julia, SEBESTYEN",2007,RU,146.75
"Yoshie, ONDA",2007,RU,143.6
"Elena, SOKOLOVA",2007,RU,143.11
"Aki, SAWADA",2007,RU,142.04
"Kiira, KORPI",2007,RU,137.41
"Arina, MARTINOVA",2007,RU,134.91
"Viktoria, VOLCHKOVA",2007,RU,130.83
"Alissa, CZISNY",2007,RU,121.21
"Yan, LIU",2007,RU,114.65
"Anastasia, GIMAZETDINOVA",2007,RU,114.12
"Viktoria, PAVUK",2007,RU,111.74
"Julia, SEBESTYEN",2007,CN,153.8
"Yukari, NAKANO",2007,CN,151.27
"Emily, HUGHES",2007,CN,151.12
"Binshu, XU",2007,CN,136.31
"Beatrisa, LIANG",2007,CN,134.99
"Mai, ASADA",2007,CN,134.27
"Elena, SOKOLOVA",2007,CN,134.17
"Aki, SAWADA",2007,CN,133.33
"Yan, LIU",2007,CN,125.23
"Chae-Hwa, KIM",2007,CN,115.19
"Dan, FANG",2007,CN,113.38
"Roxana, LUCA",2007,CN,100.83
"Mao, ASADA",2007,JP,199.52
"Fumie, SUGURI",2007,JP,179.31
"Yukari, NAKANO",2007,JP,160.93
"Beatrisa, LIANG",2007,JP,129.32
"Christine, ZUKOWSKI",2007,JP,127.94
"Dan, FANG",2007,JP,127.85
"Arina, MARTINOVA",2007,JP,127.23
"Lesley, HAWKER",2007,JP,120.85
"Chae-Hwa, KIM",2007,JP,117.87
"Tugba, KARADEMIR",2007,JP,112.59
"Jenna, MCCORKELL",2007,JP,97.95
"Yuna, KIM",2007,FN,184.2
"Mao, ASADA",2007,FN,172.52
"Sarah, MEIER",2007,FN,170.28
"Fumie, SUGURI",2007,FN,158.78
"Miki, ANDO",2007,FN,157.32
"Julia, SEBESTYEN",2007,FN,142.69
"Carolina, KOSTNER",2007,EU,174.79
"Sarah, MEIER",2007,EU,171.28
"Kiira, KORPI",2007,EU,151.19
"Susanna, POYKIO",2007,EU,146.02
"Valentina, MARCHEI",2007,EU,144.28
"Alisa, DREI",2007,EU,141.9
"Elena, SOKOLOVA",2007,EU,139.71
"Elene, GEDEVANISHVILI",2007,EU,137.32
"Julia, SEBESTYEN",2007,EU,136.05
"Tugba, KARADEMIR",2007,EU,131.0
"Alexandra, IEVLEVA",2007,EU,126.99
"Elena, GLEBOVA",2007,EU,126.8
"Tamar, KATZ",2007,EU,126.09
"Lina, JOHANSSON",2007,EU,120.64
"Jenna, MCCORKELL",2007,EU,120.47
"Idora, HEGEL",2007,EU,119.96
"Anne Sophie, CALVEZ",2007,EU,116.96
"Viktoria, PAVUK",2007,EU,110.98
"Kristin, WIECZOREK",2007,EU,110.2
"Christiane, BERGER",2007,EU,109.17
"Roxana, LUCA",2007,EU,108.34
"Anna, JURKIEWICZ",2007,EU,107.31
"Radka, BARTOVA",2007,EU,105.12
"Irina, MOVCHAN",2007,EU,102.94
"Kimmie, MEISSNER",2007,4C,172.75
"Emily, HUGHES",2007,4C,166.6
"Joannie, ROCHETTE",2007,4C,165.9
"Aki, SAWADA",2007,4C,156.88
"Alissa, CZISNY",2007,4C,154.03
"Yoshie, ONDA",2007,4C,152.61
"Lesley, HAWKER",2007,4C,138.23
"Binshu, XU",2007,4C,133.09
"Yan, LIU",2007,4C,126.69
"Dan, FANG",2007,4C,125.2
"Yea-Ji, SHIN",2007,4C,123.44
"Anastasia, GIMAZETDINOVA",2007,4C,123.39
"Na-Young, KIM",2007,4C,122.28
"Chae-Hwa, KIM",2007,4C,121.11
"Cynthia, PHANEUF",2007,4C,120.01
"Joanne, CARTER",2007,4C,108.4
"Ana Cecilia, CANTU",2007,4C,100.64
"Emily, NAPHTAL",2007,4C,96.26
"Jocelyn, HO",2007,4C,95.56
"Ami, PAREKH",2007,4C,94.56
"Phoebe, DI TOMMASO",2007,4C,92.92
"Michele, CANTU",2007,4C,90.63
"Abigail, PIETERSEN",2007,4C,74.3
"Miki, ANDO",2007,WR,195.09
"Mao, ASADA",2007,WR,194.45
"Yuna, KIM",2007,WR,186.14
"Kimmie, MEISSNER",2007,WR,180.23
"Yukari, NAKANO",2007,WR,168.92
"Carolina, KOSTNER",2007,WR,168.92
"Sarah, MEIER",2007,WR,160.8
"Susanna, POYKIO",2007,WR,160.12
"Emily, HUGHES",2007,WR,159.06
"Joannie, ROCHETTE",2007,WR,158.98
"Valentina, MARCHEI",2007,WR,153.6
"Julia, SEBESTYEN",2007,WR,153.5
"Elena, SOKOLOVA",2007,WR,149.77
"Kiira, KORPI",2007,WR,149.47
"Alissa, CZISNY",2007,WR,147.74
"Arina, MARTINOVA",2007,WR,145.28
"Elene, GEDEVANISHVILI",2007,WR,144.4
"Elena, GLEBOVA",2007,WR,131.18
"Anastasia, GIMAZETDINOVA",2007,WR,130.44
"Joanne, CARTER",2007,WR,127.17
"Idora, HEGEL",2007,WR,125.66
"Yan, LIU",2007,WR,123.22
"Tamar, KATZ",2007,WR,122.51
"Mira, LEUNG",2007,WR,120.74
"Kimmie, MEISSNER",2008,US,163.23
"Miki, ANDO",2008,US,161.89
"Caroline, ZHANG",2008,US,153.35
"Emily, HUGHES",2008,US,140.5
"Mira, LEUNG",2008,US,139.14
"Elene, GEDEVANISHVILI",2008,US,126.06
"Alexandra, IEVLEVA",2008,US,124.84
"Mai, ASADA",2008,US,120.49
"Tugba, KARADEMIR",2008,US,119.26
"Valentina, MARCHEI",2008,US,116.44
"Binshu, XU",2008,US,112.46
"Mao, ASADA",2008,CA,177.66
"Yukari, NAKANO",2008,CA,169.43
"Joannie, ROCHETTE",2008,CA,168.18
"Emily, HUGHES",2008,CA,162.42
"Ashley, WAGNER",2008,CA,150.06
"Nana, TAKEDA",2008,CA,148.05
"Laura, LEPISTO",2008,CA,147.69
"Elena, GLEBOVA",2008,CA,145.69
"Lesley, HAWKER",2008,CA,136.55
"Cynthia, PHANEUF",2008,CA,129.17
"Alisa, DREI",2008,CA,123.9
"Idora, HEGEL",2008,CA,120.32
"Mao, ASADA",2008,FR,179.8
"Kimmie, MEISSNER",2008,FR,158.74
"Ashley, WAGNER",2008,FR,158.63
"Sarah, MEIER",2008,FR,147.15
"Mira, LEUNG",2008,FR,144.57
"Elena, GLEBOVA",2008,FR,141.71
"Viktoria, PAVUK",2008,FR,137.73
"Gwendoline, DIDIER",2008,FR,120.14
"Valentina, MARCHEI",2008,FR,118.99
"Dan, FANG",2008,FR,111.65
"Aki, SAWADA",2008,FR,99.18
"Anastasia, GIMAZETDINOVA",2008,FR,98.9
"Yuna, KIM",2008,RU,197.2
"Yukari, NAKANO",2008,RU,172.77
"Joannie, ROCHETTE",2008,RU,169.91
"Kiira, KORPI",2008,RU,154.26
"Fumie, SUGURI",2008,RU,148.15
"Nina, PETUSHKOVA",2008,RU,138.79
"Julia, SEBESTYEN",2008,RU,134.98
"Beatrisa, LIANG",2008,RU,134.6
"Yan, LIU",2008,RU,126.14
"Katarina, GERBOLDT",2008,RU,121.1
"Kristin, WIECZOREK",2008,RU,109.61
"Arina, MARTINOVA",2008,RU,101.43
"Yuna, KIM",2008,CN,180.68
"Caroline, ZHANG",2008,CN,156.34
"Carolina, KOSTNER",2008,CN,143.86
"Fumie, SUGURI",2008,CN,137.13
"Julia, SEBESTYEN",2008,CN,136.6
"Beatrisa, LIANG",2008,CN,127.42
"Dan, FANG",2008,CN,124.58
"Susanna, POYKIO",2008,CN,124.0
"Alissa, CZISNY",2008,CN,120.43
"Binshu, XU",2008,CN,119.63
"Arina, MARTINOVA",2008,CN,117.38
"Yueren, WANG",2008,CN,109.71
"Carolina, KOSTNER",2008,JP,164.69
"Sarah, MEIER",2008,JP,163.17
"Nana, TAKEDA",2008,JP,154.83
"Miki, ANDO",2008,JP,145.81
"Laura, LEPISTO",2008,JP,145.58
"Alissa, CZISNY",2008,JP,144.32
"Lesley, HAWKER",2008,JP,139.96
"Elene, GEDEVANISHVILI",2008,JP,136.54
"Chae-Hwa, KIM",2008,JP,122.76
"Yan, LIU",2008,JP,119.66
"Yuna, KIM",2008,FN,196.83
"Mao, ASADA",2008,FN,191.59
"Carolina, KOSTNER",2008,FN,178.93
"Caroline, ZHANG",2008,FN,176.48
"Yukari, NAKANO",2008,FN,172.96
"Kimmie, MEISSNER",2008,FN,154.22
"Carolina, KOSTNER",2008,EU,171.28
"Sarah, MEIER",2008,EU,169.44
"Laura, LEPISTO",2008,EU,165.65
"Julia, SEBESTYEN",2008,EU,162.89
"Kiira, KORPI",2008,EU,162.22
"Valentina, MARCHEI",2008,EU,153.34
"Elene, GEDEVANISHVILI",2008,EU,147.09
"Jenna, MCCORKELL",2008,EU,145.57
"Ksenia, DORONINA",2008,EU,144.2
"Jenni, VAHAMAA",2008,EU,142.4
"Tugba, KARADEMIR",2008,EU,138.73
"Annette, DYTRT",2008,EU,132.95
"Stefania, BERTON",2008,EU,130.59
"Karen, VENHUIZEN",2008,EU,126.3
"Nella, SIMAOVA",2008,EU,124.39
"Tamar, KATZ",2008,EU,123.41
"Nina, PETUSHKOVA",2008,EU,122.97
"Viktoria, HELGESSON",2008,EU,121.42
"Anna, JURKIEWICZ",2008,EU,120.76
"Sonia, LAFUENTE",2008,EU,119.66
"Katherine, HADFORD",2008,EU,115.99
"Roxana, LUCA",2008,EU,104.72
"Viviane, KAESER",2008,EU,103.83
"Olga, IKONNIKOVA",2008,EU,101.2
"Maria, DIKANOVIC",2008,EU,76.24
"Mao, ASADA",2008,4C,193.25
"Joannie, ROCHETTE",2008,4C,179.54
"Miki, ANDO",2008,4C,177.66
"Na-Young, KIM",2008,4C,158.49
"Mira, LEUNG",2008,4C,157.36
"Katrina, HACKER",2008,4C,153.86
"Cynthia, PHANEUF",2008,4C,152.67
"Ashley, WAGNER",2008,4C,152.46
"Anastasia, GIMAZETDINOVA",2008,4C,150.07
"Fumie, SUGURI",2008,4C,145.06
"Beatrisa, LIANG",2008,4C,144.25
"Yueren, WANG",2008,4C,129.88
"Binshu, XU",2008,4C,128.39
"Yan, LIU",2008,4C,124.09
"Melinda, WANG",2008,4C,119.58
"Chae-Hwa, KIM",2008,4C,115.85
"Loretta, HAMUI",2008,4C,99.89
"Ana Cecilia, CANTU",2008,4C,94.76
"Tina, WANG",2008,4C,94.28
"Lejeanne, MARAIS",2008,4C,90.52
"Tamami, ONO",2008,4C,88.96
"Gracielle Jeanne, TAN",2008,4C,80.88
"Charissa, TANSOMBOON",2008,4C,79.28
"Corenne, BRUHNS",2008,4C,76.89
"Mao, ASADA",2008,WR,185.56
"Carolina, KOSTNER",2008,WR,184.68
"Yuna, KIM",2008,WR,183.23
"Yukari, NAKANO",2008,WR,177.4
"Joannie, ROCHETTE",2008,WR,174.12
"Sarah, MEIER",2008,WR,171.88
"Kimmie, MEISSNER",2008,WR,149.74
"Laura, LEPISTO",2008,WR,147.26
"Kiira, KORPI",2008,WR,145.73
"Beatrisa, LIANG",2008,WR,145.29
"Julia, SEBESTYEN",2008,WR,145.17
"Annette, DYTRT",2008,WR,144.31
"Valentina, MARCHEI",2008,WR,142.93
"Mira, LEUNG",2008,WR,140.59
"Elena, GLEBOVA",2008,WR,140.1
"Ashley, WAGNER",2008,WR,137.4
"Ksenia, DORONINA",2008,WR,135.25
"Viktoria, HELGESSON",2008,WR,127.96
"Na-Young, KIM",2008,WR,127.32
"Elene, GEDEVANISHVILI",2008,WR,125.99
"Anastasia, GIMAZETDINOVA",2008,WR,124.92
"Tamar, KATZ",2008,WR,116.86
"Melinda, WANG",2008,WR,116.12
"Yuna, KIM",2009,US,193.45
"Yukari, NAKANO",2009,US,172.53
"Miki, ANDO",2009,US,168.42
"Rachael, FLATT",2009,US,155.73
"Mirai, NAGASU",2009,US,142.9
"Susanna, POYKIO",2009,US,142.14
"Mira, LEUNG",2009,US,136.16
"Kimmie, MEISSNER",2009,US,135.92
"Yan, LIU",2009,US,128.12
"Annette, DYTRT",2009,US,116.83
"Tugba, KARADEMIR",2009,US,113.91
"Joannie, ROCHETTE",2009,CA,188.89
"Fumie, SUGURI",2009,CA,163.86
"Alissa, CZISNY",2009,CA,157.92
"Carolina, KOSTNER",2009,CA,152.76
"Caroline, ZHANG",2009,CA,150.8
"Beatrisa, LIANG",2009,CA,142.12
"Jenna, MCCORKELL",2009,CA,139.37
"Cynthia, PHANEUF",2009,CA,133.47
"Nana, TAKEDA",2009,CA,128.93
"Jenni, VAHAMAA",2009,CA,122.75
"Elena, GLEBOVA",2009,CA,116.38
"Joannie, ROCHETTE",2009,FR,180.73
"Mao, ASADA",2009,FR,167.59
"Caroline, ZHANG",2009,FR,156.54
"Candice, DIDIER",2009,FR,135.25
"Beatrisa, LIANG",2009,FR,134.29
"Binshu, XU",2009,FR,123.83
"Elene, GEDEVANISHVILI",2009,FR,121.78
"Anastasia, GIMAZETDINOVA",2009,FR,116.99
"Emily, HUGHES",2009,FR,115.48
"Gwendoline, DIDIER",2009,FR,111.18
"Carolina, KOSTNER",2009,RU,170.72
"Rachael, FLATT",2009,RU,166.06
"Fumie, SUGURI",2009,RU,162.04
"Alissa, CZISNY",2009,RU,151.03
"Alena, LEONOVA",2009,RU,145.93
"Elena, GLEBOVA",2009,RU,140.67
"Julia, SEBESTYEN",2009,RU,131.54
"Kimmie, MEISSNER",2009,RU,131.36
"Na-Young, KIM",2009,RU,125.95
"Nina, PETUSHKOVA",2009,RU,125.61
"Yuna, KIM",2009,CN,191.75
"Miki, ANDO",2009,CN,170.88
"Laura, LEPISTO",2009,CN,159.42
"Ashley, WAGNER",2009,CN,155.59
"Susanna, POYKIO",2009,CN,148.03
"Sarah, MEIER",2009,CN,142.31
"Alena, LEONOVA",2009,CN,137.27
"Katrina, HACKER",2009,CN,134.95
"Yan, LIU",2009,CN,118.07
"Binshu, XU",2009,CN,116.59
"Mira, LEUNG",2009,CN,114.05
"Yueren, WANG",2009,CN,95.68
"Mao, ASADA",2009,JP,191.13
"Akiko, SUZUKI",2009,JP,167.64
"Yukari, NAKANO",2009,JP,166.87
"Ashley, WAGNER",2009,JP,161.1
"Laura, LEPISTO",2009,JP,158.85
"Katrina, HACKER",2009,JP,139.46
"Cynthia, PHANEUF",2009,JP,138.9
"Mirai, NAGASU",2009,JP,124.22
"Na-Young, KIM",2009,JP,119.77
"Annette, DYTRT",2009,JP,115.57
"Anastasia, GIMAZETDINOVA",2009,JP,115.1
"Katarina, GERBOLDT",2009,JP,113.95
"Mao, ASADA",2009,FN,188.55
"Yuna, KIM",2009,FN,186.35
"Carolina, KOSTNER",2009,FN,168.01
"Joannie, ROCHETTE",2009,FN,166.36
"Yukari, NAKANO",2009,FN,161.93
"Miki, ANDO",2009,FN,158.25
"Laura, LEPISTO",2009,EU,167.32
"Carolina, KOSTNER",2009,EU,165.42
"Susanna, POYKIO",2009,EU,156.31
"Alena, LEONOVA",2009,EU,143.99
"Kiira, KORPI",2009,EU,139.01
"Katarina, GERBOLDT",2009,EU,137.05
"Annette, DYTRT",2009,EU,136.98
"Julia, SEBESTYEN",2009,EU,134.47
"Jenna, MCCORKELL",2009,EU,131.42
"Tugba, KARADEMIR",2009,EU,130.85
"Ivana, REITMAYEROVA",2009,EU,130.2
"Elena, GLEBOVA",2009,EU,128.36
"Candice, DIDIER",2009,EU,124.07
"Nella, SIMAOVA",2009,EU,120.61
"Francesca, RIO",2009,EU,119.61
"Stefania, BERTON",2009,EU,118.97
"Viktoria, HELGESSON",2009,EU,118.39
"Teodora, POSTIC",2009,EU,114.95
"Irina, MOVCHAN",2009,EU,111.52
"Kerstin, FRANK",2009,EU,104.92
"Karly, ROBERTSON",2009,EU,104.44
"Manouk, GIJSMAN",2009,EU,103.28
"Sonia, LAFUENTE",2009,EU,101.7
"Isabelle, PIEMAN",2009,EU,96.64
"Yuna, KIM",2009,4C,189.07
"Joannie, ROCHETTE",2009,4C,183.91
"Mao, ASADA",2009,4C,176.52
"Caroline, ZHANG",2009,4C,171.22
"Cynthia, PHANEUF",2009,4C,169.41
"Fumie, SUGURI",2009,4C,167.74
"Rachael, FLATT",2009,4C,162.83
"Akiko, SUZUKI",2009,4C,160.36
"Alissa, CZISNY",2009,4C,159.81
"Amelie, LACOSTE",2009,4C,146.18
"Yan, LIU",2009,4C,139.5
"Anastasia, GIMAZETDINOVA",2009,4C,125.39
"Cheltzie, LEE",2009,4C,123.88
"Hyeon-Jung, KIM",2009,4C,121.64
"Binshu, XU",2009,4C,121.0
"Na-Young, KIM",2009,4C,120.28
"Ana Cecilia, CANTU",2009,4C,108.75
"Tina, WANG",2009,4C,108.02
"Chaochih, LIU",2009,4C,97.51
"Tamami, ONO",2009,4C,91.89
"Michele, CANTU",2009,4C,90.08
"Loretta, HAMUI",2009,4C,87.64
"Yueren, WANG",2009,4C,85.04
"Gracielle Jeanne, TAN",2009,4C,80.37
"Yuna, KIM",2009,WR,207.71
"Joannie, ROCHETTE",2009,WR,191.29
"Miki, ANDO",2009,WR,190.38
"Mao, ASADA",2009,WR,188.09
"Rachael, FLATT",2009,WR,172.41
"Laura, LEPISTO",2009,WR,170.07
"Alena, LEONOVA",2009,WR,168.91
"Fumie, SUGURI",2009,WR,164.58
"Sarah, MEIER",2009,WR,163.37
"Elene, GEDEVANISHVILI",2009,WR,162.48
"Alissa, CZISNY",2009,WR,159.78
"Carolina, KOSTNER",2009,WR,153.56
"Susanna, POYKIO",2009,WR,153.31
"Ivana, REITMAYEROVA",2009,WR,147.41
"Cynthia, PHANEUF",2009,WR,146.09
"Elena, GLEBOVA",2009,WR,140.02
"Na-Young, KIM",2009,WR,131.5
"Annette, DYTRT",2009,WR,131.15
"Anna, JURKIEWICZ",2009,WR,130.29
"Jenna, MCCORKELL",2009,WR,128.67
"Tugba, KARADEMIR",2009,WR,124.31
"Candice, DIDIER",2009,WR,122.08
"Kerstin, FRANK",2009,WR,105.73
"Ana Cecilia, CANTU",2009,WR,101.82
"Yuna, KIM",2010,US,187.98
"Rachael, FLATT",2010,US,174.91
"Julia, SEBESTYEN",2010,US,159.03
"Fumie, SUGURI",2010,US,148.99
"Elena, GLEBOVA",2010,US,148.71
"Elene, GEDEVANISHVILI",2010,US,144.19
"Emily, HUGHES",2010,US,135.31
"Sarah, HECKEN",2010,US,131.1
"Joshi, HELGESSON",2010,US,129.91
"Alexe, GILLES",2010,US,129.01
"Susanna, POYKIO",2010,US,124.22
"Tugba, KARADEMIR",2010,US,122.4
"Joannie, ROCHETTE",2010,CA,182.9
"Alissa, CZISNY",2010,CA,163.53
"Laura, LEPISTO",2010,CA,158.52
"Mirai, NAGASU",2010,CA,156.83
"Akiko, SUZUKI",2010,CA,147.72
"Amelie, LACOSTE",2010,CA,141.13
"Cynthia, PHANEUF",2010,CA,132.48
"Caroline, ZHANG",2010,CA,132.46
"Sarah, HECKEN",2010,CA,124.4
"Jenna, MCCORKELL",2010,CA,123.5
"Joshi, HELGESSON",2010,CA,108.41
"Yuna, KIM",2010,FR,210.03
"Mao, ASADA",2010,FR,173.99
"Yukari, NAKANO",2010,FR,165.7
"Caroline, ZHANG",2010,FR,153.15
"Alexe, GILLES",2010,FR,151.92
"Carolina, KOSTNER",2010,FR,147.63
"Elene, GEDEVANISHVILI",2010,FR,143.43
"Kiira, KORPI",2010,FR,138.83
"Gwendoline, DIDIER",2010,FR,118.07
"Anna, JURKIEWICZ",2010,FR,115.06
"Miki, ANDO",2010,RU,171.93
"Ashley, WAGNER",2010,RU,163.97
"Alena, LEONOVA",2010,RU,160.06
"Alissa, CZISNY",2010,RU,158.3
"Mao, ASADA",2010,RU,150.28
"Julia, SEBESTYEN",2010,RU,148.5
"Amelie, LACOSTE",2010,RU,139.39
"Jenna, MCCORKELL",2010,RU,134.7
"Oksana, GOZEVA",2010,RU,128.52
"Katarina, GERBOLDT",2010,RU,117.77
"Annette, DYTRT",2010,RU,109.74
"Anastasia, GIMAZETDINOVA",2010,RU,108.46
"Akiko, SUZUKI",2010,CN,176.66
"Kiira, KORPI",2010,CN,163.27
"Joannie, ROCHETTE",2010,CN,163.18
"Rachael, FLATT",2010,CN,157.71
"Mirai, NAGASU",2010,CN,155.38
"Carolina, KOSTNER",2010,CN,154.18
"Fumie, SUGURI",2010,CN,145.99
"Diane, SZMIETT",2010,CN,144.28
"Yan, LIU",2010,CN,132.8
"Beatrisa, LIANG",2010,CN,131.39
"Bingwa, GENG",2010,CN,121.2
"Miki, ANDO",2010,JP,162.55
"Alena, LEONOVA",2010,JP,160.85
"Ashley, WAGNER",2010,JP,155.99
"Yukari, NAKANO",2010,JP,152.35
"Laura, LEPISTO",2010,JP,152.19
"Cynthia, PHANEUF",2010,JP,142.03
"Yan, LIU",2010,JP,126.49
"Annette, DYTRT",2010,JP,126.01
"Oksana, GOZEVA",2010,JP,123.97
"Shoko, ISHIKAWA",2010,JP,119.63
"Becky, BERESWILL",2010,JP,118.42
"Yuna, KIM",2010,FN,188.86
"Miki, ANDO",2010,FN,185.94
"Akiko, SUZUKI",2010,FN,174.0
"Ashley, WAGNER",2010,FN,162.07
"Joannie, ROCHETTE",2010,FN,156.71
"Alena, LEONOVA",2010,FN,156.55
"Carolina, KOSTNER",2010,EU,173.46
"Laura, LEPISTO",2010,EU,166.37
"Elene, GEDEVANISHVILI",2010,EU,164.54
"Kiira, KORPI",2010,EU,163.68
"Sarah, MEIER",2010,EU,157.44
"Julia, SEBESTYEN",2010,EU,156.77
"Alena, LEONOVA",2010,EU,153.57
"Valentina, MARCHEI",2010,EU,149.46
"Ksenia, MAKAROVA",2010,EU,146.85
"Elena, GLEBOVA",2010,EU,138.93
"Viktoria, HELGESSON",2010,EU,137.1
"Tugba, KARADEMIR",2010,EU,136.42
"Oksana, GOZEVA",2010,EU,135.39
"Jenna, MCCORKELL",2010,EU,128.06
"Ivana, REITMAYEROVA",2010,EU,125.31
"Sarah, HECKEN",2010,EU,121.79
"Sonia, LAFUENTE",2010,EU,121.15
"Natalia, POPOVA",2010,EU,113.35
"Teodora, POSTIC",2010,EU,113.35
"Mao, ASADA",2010,4C,183.96
"Akiko, SUZUKI",2010,4C,173.72
"Caroline, ZHANG",2010,4C,160.78
"Amanda, DOBBS",2010,4C,158.23
"Haruka, IMAI",2010,4C,155.29
"Min-Jung, KWAK",2010,4C,154.71
"Amelie, LACOSTE",2010,4C,152.45
"Myriane, SAMSON",2010,4C,150.9
"Alexe, GILLES",2010,4C,140.88
"Diane, SZMIETT",2010,4C,140.1
"Anastasia, GIMAZETDINOVA",2010,4C,134.15
"Yan, LIU",2010,4C,126.11
"Chae-Hwa, KIM",2010,4C,123.91
"Cheltzie, LEE",2010,4C,119.39
"Na-Young, KIM",2010,4C,109.46
"Lejeanne, MARAIS",2010,4C,103.03
"Ana Cecilia, CANTU",2010,4C,101.25
"Crystal, KIANG",2010,4C,96.16
"Melinda, WANG",2010,4C,95.5
"Lauren, KO",2010,4C,90.77
"Yuna, KIM",2010,OL,228.56
"Mao, ASADA",2010,OL,205.5
"Joannie, ROCHETTE",2010,OL,202.64
"Mirai, NAGASU",2010,OL,190.15
"Miki, ANDO",2010,OL,188.86
"Laura, LEPISTO",2010,OL,187.97
"Rachael, FLATT",2010,OL,182.49
"Akiko, SUZUKI",2010,OL,181.44
"Alena, LEONOVA",2010,OL,172.46
"Ksenia, MAKAROVA",2010,OL,171.91
"Kiira, KORPI",2010,OL,161.57
"Cynthia, PHANEUF",2010,OL,156.62
"Min-Jung, KWAK",2010,OL,155.53
"Elene, GEDEVANISHVILI",2010,OL,155.24
"Sarah, MEIER",2010,OL,152.81
"Carolina, KOSTNER",2010,OL,151.9
"Julia, SEBESTYEN",2010,OL,151.26
"Sarah, HECKEN",2010,OL,143.94
"Yan, LIU",2010,OL,143.47
"Cheltzie, LEE",2010,OL,138.16
"Elena, GLEBOVA",2010,OL,134.19
"Sonia, LAFUENTE",2010,OL,133.51
"Anastasia, GIMAZETDINOVA",2010,OL,131.65
"Tugba, KARADEMIR",2010,OL,129.54
"Mao, ASADA",2010,WR,197.58
"Yuna, KIM",2010,WR,190.79
"Laura, LEPISTO",2010,WR,178.62
"Miki, ANDO",2010,WR,177.82
"Cynthia, PHANEUF",2010,WR,177.54
"Carolina, KOSTNER",2010,WR,177.31
"Mirai, NAGASU",2010,WR,175.48
"Ksenia, MAKAROVA",2010,WR,169.64
"Rachael, FLATT",2010,WR,167.44
"Viktoria, HELGESSON",2010,WR,161.79
"Akiko, SUZUKI",2010,WR,160.04
"Sarah, HECKEN",2010,WR,153.94
"Alena, LEONOVA",2010,WR,152.86
"Jenna, MCCORKELL",2010,WR,150.9
"Julia, SEBESTYEN",2010,WR,147.66
"Yan, LIU",2010,WR,141.29
"Cheltzie, LEE",2010,WR,137.78
"Elene, GEDEVANISHVILI",2010,WR,137.33
"Kiira, KORPI",2010,WR,134.49
"Sonia, LAFUENTE",2010,WR,133.31
"Elena, GLEBOVA",2010,WR,132.85
"Min-Jung, KWAK",2010,WR,120.47
"Anastasia, GIMAZETDINOVA",2010,WR,113.89
"Manouk, GIJSMAN",2010,WR,111.94
"Kanako, MURAKAMI",2011,US,164.93
"Rachael, FLATT",2011,US,162.86
"Carolina, KOSTNER",2011,US,154.87
"Joshi, HELGESSON",2011,US,146.9
"Amelie, LACOSTE",2011,US,146.68
"Viktoria, HELGESSON",2011,US,142.26
"Elene, GEDEVANISHVILI",2011,US,139.36
"Mae Berenice, MEITE",2011,US,137.05
"Caroline, ZHANG",2011,US,132.49
"Jenna, MCCORKELL",2011,US,127.76
"Min-Jung, KWAK",2011,US,125.21
"Alexe, GILLES",2011,US,122.46
"Alissa, CZISNY",2011,CA,172.37
"Ksenia, MAKAROVA",2011,CA,165.0
"Amelie, LACOSTE",2011,CA,157.26
"Cynthia, PHANEUF",2011,CA,156.24
"Haruka, IMAI",2011,CA,154.54
"Agnes, ZAWADZKI",2011,CA,154.35
"Myriane, SAMSON",2011,CA,152.05
"Valentina, MARCHEI",2011,CA,137.78
"Fumie, SUGURI",2011,CA,132.84
"Sonia, LAFUENTE",2011,CA,131.2
"Alexe, GILLES",2011,CA,125.64
"Kiira, KORPI",2011,FR,169.74
"Mirai, NAGASU",2011,FR,167.79
"Alissa, CZISNY",2011,FR,159.8
"Cynthia, PHANEUF",2011,FR,155.11
"Mao, ASADA",2011,FR,148.02
"Haruka, IMAI",2011,FR,145.47
"Sonia, LAFUENTE",2011,FR,143.6
"Fumie, SUGURI",2011,FR,138.18
"Mae Berenice, MEITE",2011,FR,137.08
"Sarah, HECKEN",2011,FR,130.17
"Candice, DIDIER",2011,FR,120.8
"Lena, MARROCCO",2011,FR,113.31
"Miki, ANDO",2011,RU,174.47
"Akiko, SUZUKI",2011,RU,172.74
"Ashley, WAGNER",2011,RU,167.02
"Agnes, ZAWADZKI",2011,RU,153.78
"Valentina, MARCHEI",2011,RU,153.71
"Sofia, BIRYUKOVA",2011,RU,153.05
"Ksenia, MAKAROVA",2011,RU,150.45
"Myriane, SAMSON",2011,RU,144.32
"Alena, LEONOVA",2011,RU,144.06
"Elena, GLEBOVA",2011,RU,131.2
"Miki, ANDO",2011,CN,172.21
"Akiko, SUZUKI",2011,CN,162.86
"Alena, LEONOVA",2011,CN,148.61
"Mirai, NAGASU",2011,CN,146.23
"Bingwa, GENG",2011,CN,142.48
"Amanda, DOBBS",2011,CN,132.45
"Joshi, HELGESSON",2011,CN,131.4
"Kristine, MUSADEMBA",2011,CN,119.45
"Min-Jung, KWAK",2011,CN,113.98
"Diane, SZMIETT",2011,CN,95.43
"Carolina, KOSTNER",2011,JP,164.61
"Rachael, FLATT",2011,JP,161.04
"Kanako, MURAKAMI",2011,JP,150.16
"Kiira, KORPI",2011,JP,148.44
"Ashley, WAGNER",2011,JP,143.73
"Elene, GEDEVANISHVILI",2011,JP,141.52
"Caroline, ZHANG",2011,JP,133.86
"Mao, ASADA",2011,JP,133.4
"Viktoria, HELGESSON",2011,JP,130.11
"Lena, MARROCCO",2011,JP,122.03
"Jenna, MCCORKELL",2011,JP,121.52
"Diane, SZMIETT",2011,JP,88.33
"Alissa, CZISNY",2011,FN,180.75
"Carolina, KOSTNER",2011,FN,178.6
"Kanako, MURAKAMI",2011,FN,178.59
"Akiko, SUZUKI",2011,FN,173.72
"Miki, ANDO",2011,FN,173.15
"Rachael, FLATT",2011,FN,127.57
"Sarah, MEIER",2011,EU,170.6
"Carolina, KOSTNER",2011,EU,168.54
"Kiira, KORPI",2011,EU,166.4
"Ksenia, MAKAROVA",2011,EU,162.04
"Alena, LEONOVA",2011,EU,154.31
"Viktoria, HELGESSON",2011,EU,151.66
"Ira, VANNUT",2011,EU,150.66
"Elene, GEDEVANISHVILI",2011,EU,147.96
"Mae Berenice, MEITE",2011,EU,138.74
"Valentina, MARCHEI",2011,EU,137.44
"Sarah, HECKEN",2011,EU,137.43
"Sonia, LAFUENTE",2011,EU,135.82
"Gerli, LIINAMÄE",2011,EU,133.73
"Jenna, MCCORKELL",2011,EU,132.15
"Juulia, TURKKILA",2011,EU,131.38
"Romy, BÜHLER",2011,EU,122.33
"Karina, JOHNSON",2011,EU,121.63
"Svetlana, ISSAKOVA",2011,EU,118.44
"Viktoria, PAVUK",2011,EU,112.7
"Dasa, GRM",2011,EU,112.54
"Alice, GARLISI",2011,EU,112.36
"Fleur, MAXWELL",2011,EU,110.59
"Hristina, VASSILEVA",2011,EU,106.79
"Alexandra, KUNOVA",2011,EU,105.86
"Miki, ANDO",2011,4C,201.34
"Mao, ASADA",2011,4C,196.3
"Mirai, NAGASU",2011,4C,189.46
"Rachael, FLATT",2011,4C,180.31
"Alissa, CZISNY",2011,4C,168.81
"Cynthia, PHANEUF",2011,4C,163.14
"Akiko, SUZUKI",2011,4C,162.59
"Min-Jung, KWAK",2011,4C,147.15
"Amelie, LACOSTE",2011,4C,137.48
"Cheltzie, LEE",2011,4C,127.9
"Myriane, SAMSON",2011,4C,121.2
"Yea-Ji, YUN",2011,4C,111.86
"Bingwa, GENG",2011,4C,104.58
"Qiuying, ZHU",2011,4C,102.38
"Lejeanne, MARAIS",2011,4C,101.9
"Chae-Hwa, KIM",2011,4C,101.79
"Victoria, MUNIZ",2011,4C,99.4
"Melinda, WANG",2011,4C,96.15
"Mimi Tanasorn, CHINDASOOK",2011,4C,91.54
"Jaimee, NOBBS",2011,4C,89.93
"Crystal, KIANG",2011,4C,86.6
"Mericien, VENZON",2011,4C,84.17
"Melanie, SWANG",2011,4C,82.08
"Chaochih, LIU",2011,4C,78.28
"Miki, ANDO",2011,WR,195.79
"Yuna, KIM",2011,WR,194.5
"Carolina, KOSTNER",2011,WR,184.68
"Alena, LEONOVA",2011,WR,183.92
"Alissa, CZISNY",2011,WR,182.25
"Mao, ASADA",2011,WR,172.79
"Ksenia, MAKAROVA",2011,WR,167.22
"Kanako, MURAKAMI",2011,WR,167.1
"Kiira, KORPI",2011,WR,164.8
"Elene, GEDEVANISHVILI",2011,WR,156.24
"Sarah, HECKEN",2011,WR,155.83
"Rachael, FLATT",2011,WR,154.61
"Cynthia, PHANEUF",2011,WR,152.78
"Mae Berenice, MEITE",2011,WR,150.44
"Joshi, HELGESSON",2011,WR,149.08
"Amelie, LACOSTE",2011,WR,144.76
"Viktoria, HELGESSON",2011,WR,142.52
"Bingwa, GENG",2011,WR,140.78
"Ira, VANNUT",2011,WR,138.28
"Juulia, TURKKILA",2011,WR,136.68
"Cheltzie, LEE",2011,WR,133.65
"Elena, GLEBOVA",2011,WR,124.78
"Irina, MOVCHAN",2011,WR,123.15
"Jenna, MCCORKELL",2011,WR,121.76
"Alissa, CZISNY",2012,US,177.48
"Carolina, KOSTNER",2012,US,177.35
"Viktoria, HELGESSON",2012,US,145.75
"Haruka, IMAI",2012,US,142.94
"Ksenia, MAKAROVA",2012,US,142.67
"Caroline, ZHANG",2012,US,140.7
"Elene, GEDEVANISHVILI",2012,US,140.12
"Joelle, FORTE",2012,US,139.7
"Valentina, MARCHEI",2012,US,135.17
"Joshi, HELGESSON",2012,US,133.98
"Elizaveta, TUKTAMISHEVA",2012,CA,177.38
"Akiko, SUZUKI",2012,CA,172.26
"Ashley, WAGNER",2012,CA,165.48
"Alena, LEONOVA",2012,CA,152.22
"Mirai, NAGASU",2012,CA,151.72
"Amelie, LACOSTE",2012,CA,146.4
"Cynthia, PHANEUF",2012,CA,140.7
"Sarah, HECKEN",2012,CA,130.71
"Adriana, DESANCTIS",2012,CA,129.48
"Rachael, FLATT",2012,CA,128.22
"Elizaveta, TUKTAMISHEVA",2012,FR,182.89
"Carolina, KOSTNER",2012,FR,179.32
"Alissa, CZISNY",2012,FR,179.15
"Kanako, MURAKAMI",2012,FR,161.31
"Viktoria, HELGESSON",2012,FR,154.9
"Mae Berenice, MEITE",2012,FR,145.44
"Sonia, LAFUENTE",2012,FR,136.32
"Yretha, SILETE",2012,FR,135.9
"Lena, MARROCCO",2012,FR,126.97
"Mao, ASADA",2012,RU,183.25
"Alena, LEONOVA",2012,RU,180.45
"Adelina, SOTNIKOVA",2012,RU,169.75
"Sofia, BIRYUKOVA",2012,RU,166.07
"Kiira, KORPI",2012,RU,160.92
"Haruka, IMAI",2012,RU,154.76
"Agnes, ZAWADZKI",2012,RU,149.38
"Amelie, LACOSTE",2012,RU,148.48
"Rachael, FLATT",2012,RU,147.63
"Christina, GAO",2012,RU,117.77
"Carolina, KOSTNER",2012,CN,182.14
"Mirai, NAGASU",2012,CN,173.22
"Adelina, SOTNIKOVA",2012,CN,159.95
"Kexin, ZHANG",2012,CN,153.32
"Christina, GAO",2012,CN,152.48
"Kanako, MURAKAMI",2012,CN,150.2
"Ksenia, MAKAROVA",2012,CN,143.47
"Bingwa, GENG",2012,CN,142.09
"Valentina, MARCHEI",2012,CN,133.86
"Qiuying, ZHU",2012,CN,108.57
"Akiko, SUZUKI",2012,JP,185.98
"Mao, ASADA",2012,JP,184.19
"Alena, LEONOVA",2012,JP,170.68
"Ashley, WAGNER",2012,JP,165.65
"Elene, GEDEVANISHVILI",2012,JP,160.44
"Kiira, KORPI",2012,JP,157.53
"Mae Berenice, MEITE",2012,JP,143.69
"Agnes, ZAWADZKI",2012,JP,138.19
"Cynthia, PHANEUF",2012,JP,131.82
"Shoko, ISHIKAWA",2012,JP,122.14
"Carolina, KOSTNER",2012,FN,187.48
"Akiko, SUZUKI",2012,FN,179.76
"Alena, LEONOVA",2012,FN,176.42
"Elizaveta, TUKTAMISHEVA",2012,FN,174.51
"Alissa, CZISNY",2012,FN,156.97
"Carolina, KOSTNER",2012,EU,183.55
"Kiira, KORPI",2012,EU,166.94
"Elene, GEDEVANISHVILI",2012,EU,165.93
"Polina, KOROBEYNIKOVA",2012,EU,164.13
"Viktoria, HELGESSON",2012,EU,160.82
"Ksenia, MAKAROVA",2012,EU,159.59
"Alena, LEONOVA",2012,EU,158.78
"Valentina, MARCHEI",2012,EU,146.84
"Yretha, SILETE",2012,EU,145.5
"Joshi, HELGESSON",2012,EU,145.11
"Elena, GLEBOVA",2012,EU,141.92
"Natalia, POPOVA",2012,EU,138.6
"Mae Berenice, MEITE",2012,EU,137.33
"Monika, SIMANCIKOVA",2012,EU,136.79
"Sonia, LAFUENTE",2012,EU,133.64
"Alina, FJODOROVA",2012,EU,133.48
"Juulia, TURKKILA",2012,EU,130.33
"Jenna, MCCORKELL",2012,EU,125.41
"Isabelle, PIEMAN",2012,EU,122.13
"Romy, BÜHLER",2012,EU,121.25
"Myriam, LEUENBERGER",2012,EU,117.73
"Nathalie, WEINZIERL",2012,EU,115.89
"Francesca, RIO",2012,EU,108.66
"Karina, JOHNSON",2012,EU,92.12
"Ashley, WAGNER",2012,4C,192.41
"Mao, ASADA",2012,4C,188.62
"Caroline, ZHANG",2012,4C,176.18
"Kanako, MURAKAMI",2012,4C,169.32
"Kexin, ZHANG",2012,4C,162.59
"Agnes, ZAWADZKI",2012,4C,157.23
"Amelie, LACOSTE",2012,4C,147.65
"Cynthia, PHANEUF",2012,4C,147.47
"Haruka, IMAI",2012,4C,134.49
"Min-Jung, KWAK",2012,4C,130.52
"Bingwa, GENG",2012,4C,127.89
"Victoria, MUNIZ",2012,4C,117.83
"Alexandra, NAJARRO",2012,4C,117.11
"Melinda, WANG",2012,4C,103.69
"Sandra, KHOPON",2012,4C,103.15
"Qiuying, ZHU",2012,4C,102.77
"Chantelle, KERRY",2012,4C,102.49
"Mimi Tanasorn, CHINDASOOK",2012,4C,97.19
"Yea-Ji, YUN",2012,4C,96.85
"Melanie, SWANG",2012,4C,96.16
"Chae-Yeon, SUHR",2012,4C,94.95
"Lejeanne, MARAIS",2012,4C,94.34
"Crystal, KIANG",2012,4C,93.79
"Zhaira, COSTINIANO",2012,4C,87.26
"Carolina, KOSTNER",2012,WR,189.94
"Alena, LEONOVA",2012,WR,184.28
"Akiko, SUZUKI",2012,WR,180.68
"Ashley, WAGNER",2012,WR,176.77
"Kanako, MURAKAMI",2012,WR,175.41
"Mao, ASADA",2012,WR,164.52
"Kexin, ZHANG",2012,WR,157.57
"Valentina, MARCHEI",2012,WR,150.1
"Ksenia, MAKAROVA",2012,WR,149.48
"Elene, GEDEVANISHVILI",2012,WR,149.2
"Viktoria, HELGESSON",2012,WR,148.54
"Yretha, SILETE",2012,WR,148.18
"Elena, GLEBOVA",2012,WR,144.28
"Jenna, MCCORKELL",2012,WR,143.84
"Sonia, LAFUENTE",2012,WR,140.24
"Amelie, LACOSTE",2012,WR,138.6
"Natalia, POPOVA",2012,WR,136.36
"Juulia, TURKKILA",2012,WR,135.56
"Polina, KOROBEYNIKOVA",2012,WR,129.98
"Sarah, HECKEN",2012,WR,129.2
"Kerstin, FRANK",2012,WR,126.17
"Alissa, CZISNY",2012,WR,124.11
"Romy, BÜHLER",2012,WR,116.21
"Alisa, MIKONSAARI",2012,WR,110.4
"Ashley, WAGNER",2013,US,188.37
"Christina, GAO",2013,US,174.25
"Adelina, SOTNIKOVA",2013,US,168.96
"Valentina, MARCHEI",2013,US,158.79
"Haruka, IMAI",2013,US,157.72
"Mae Berenice, MEITE",2013,US,155.95
"Alena, LEONOVA",2013,US,153.49
"Viktoria, HELGESSON",2013,US,144.85
"Rachael, FLATT",2013,US,136.09
"Sarah, HECKEN",2013,US,134.09
"Kaetlyn, OSMOND",2013,CA,176.45
"Akiko, SUZUKI",2013,CA,175.16
"Kanako, MURAKAMI",2013,CA,168.04
"Elizaveta, TUKTAMISHEVA",2013,CA,168.0
"Elene, GEDEVANISHVILI",2013,CA,160.52
"Ksenia, MAKAROVA",2013,CA,154.11
"Gracie, GOLD",2013,CA,151.57
"Amelie, LACOSTE",2013,CA,151.44
"Caroline, ZHANG",2013,CA,149.87
"Polina, SHELEPEN",2013,CA,124.29
"Ashley, WAGNER",2013,FR,190.63
"Elizaveta, TUKTAMISHEVA",2013,FR,179.62
"Julia, LIPNITSKAIA",2013,FR,179.31
"Christina, GAO",2013,FR,164.71
"Mae Berenice, MEITE",2013,FR,157.58
"Polina, KOROBEYNIKOVA",2013,FR,144.82
"Elena, GLEBOVA",2013,FR,140.86
"Jenna, MCCORKELL",2013,FR,135.4
"Joshi, HELGESSON",2013,FR,133.77
"Lena, MARROCCO",2013,FR,132.44
"Kiira, KORPI",2013,RU,177.19
"Gracie, GOLD",2013,RU,175.03
"Agnes, ZAWADZKI",2013,RU,166.61
"Kanako, MURAKAMI",2013,RU,166.34
"Adelina, SOTNIKOVA",2013,RU,157.98
"Alena, LEONOVA",2013,RU,157.27
"Polina, KOROBEYNIKOVA",2013,RU,153.32
"Viktoria, HELGESSON",2013,RU,151.48
"Valentina, MARCHEI",2013,RU,148.67
"Caroline, ZHANG",2013,RU,138.21
"Mao, ASADA",2013,CN,181.76
"Julia, LIPNITSKAIA",2013,CN,177.92
"Kiira, KORPI",2013,CN,169.86
"Mirai, NAGASU",2013,CN,163.46
"Zijun, LI",2013,CN,160.06
"Amelie, LACOSTE",2013,CN,135.46
"Joshi, HELGESSON",2013,CN,134.43
"Ying, ZHANG",2013,CN,130.65
"Sofia, BIRYUKOVA",2013,CN,127.36
"Mao, ASADA",2013,JP,185.27
"Akiko, SUZUKI",2013,JP,185.22
"Mirai, NAGASU",2013,JP,176.68
"Zijun, LI",2013,JP,174.11
"Agnes, ZAWADZKI",2013,JP,160.37
"Elene, GEDEVANISHVILI",2013,JP,156.96
"Ksenia, MAKAROVA",2013,JP,156.52
"Haruka, IMAI",2013,JP,145.42
"Sofia, BIRYUKOVA",2013,JP,139.12
"Mao, ASADA",2013,FN,196.8
"Ashley, WAGNER",2013,FN,181.93
"Akiko, SUZUKI",2013,FN,180.77
"Kiira, KORPI",2013,FN,174.94
"Elizaveta, TUKTAMISHEVA",2013,FN,173.75
"Christina, GAO",2013,FN,154.54
"Carolina, KOSTNER",2013,EU,194.71
"Adelina, SOTNIKOVA",2013,EU,193.99
"Elizaveta, TUKTAMISHEVA",2013,EU,188.85
"Valentina, MARCHEI",2013,EU,171.06
"Viktoria, HELGESSON",2013,EU,155.72
"Nikol, GOSVIANI",2013,EU,154.41
"Sonia, LAFUENTE",2013,EU,152.29
"Joshi, HELGESSON",2013,EU,150.4
"Nathalie, WEINZIERL",2013,EU,147.52
"Mae Berenice, MEITE",2013,EU,147.14
"Lenaelle, GILLERON-GORRY",2013,EU,143.74
"Kerstin, FRANK",2013,EU,143.56
"Elena, GLEBOVA",2013,EU,143.45
"Elene, GEDEVANISHVILI",2013,EU,142.71
"Monika, SIMANCIKOVA",2013,EU,137.47
"Anita, MADSEN",2013,EU,133.35
"Juulia, TURKKILA",2013,EU,130.79
"Kaat, VAN DAELE",2013,EU,130.0
"Natalia, POPOVA",2013,EU,128.54
"Tina, STUERZINGER",2013,EU,128.38
"Jenna, MCCORKELL",2013,EU,126.98
"Anne Line, GJERSEM",2013,EU,124.48
"Sila, SAYGI",2013,EU,119.27
"Fleur, MAXWELL",2013,EU,113.01
"Mao, ASADA",2013,4C,205.45
"Akiko, SUZUKI",2013,4C,190.08
"Kanako, MURAKAMI",2013,4C,181.03
"Christina, GAO",2013,4C,176.28
"Zijun, LI",2013,4C,170.42
"Gracie, GOLD",2013,4C,166.66
"Kaetlyn, OSMOND",2013,4C,159.38
"Agnes, ZAWADZKI",2013,4C,158.99
"Amelie, LACOSTE",2013,4C,155.08
"Kexin, ZHANG",2013,4C,148.34
"Julianne, SEGUIN",2013,4C,146.58
"Brooklee, HAN",2013,4C,134.9
"Reyna, HAMUI",2013,4C,123.69
"Chantelle, KERRY",2013,4C,118.11
"Crystal, KIANG",2013,4C,109.15
"Yeon Jun, PARK",2013,4C,106.79
"Melissa, BULANHAGUI",2013,4C,106.36
"Lejeanne, MARAIS",2013,4C,105.06
"Melinda, WANG",2013,4C,96.95
"Ami, PAREKH",2013,4C,88.39
"Yuna, KIM",2013,WR,218.31
"Carolina, KOSTNER",2013,WR,197.89
"Mao, ASADA",2013,WR,196.47
"Kanako, MURAKAMI",2013,WR,189.73
"Ashley, WAGNER",2013,WR,187.34
"Gracie, GOLD",2013,WR,184.25
"Zijun, LI",2013,WR,183.85
"Kaetlyn, OSMOND",2013,WR,176.82
"Adelina, SOTNIKOVA",2013,WR,175.98
"Elizaveta, TUKTAMISHEVA",2013,WR,174.24
"Mae Berenice, MEITE",2013,WR,165.03
"Akiko, SUZUKI",2013,WR,164.59
"Alena, LEONOVA",2013,WR,159.06
"Viktoria, HELGESSON",2013,WR,158.8
"Natalia, POPOVA",2013,WR,155.52
"Elena, GLEBOVA",2013,WR,152.49
"Monika, SIMANCIKOVA",2013,WR,149.02
"Valentina, MARCHEI",2013,WR,147.23
"Nathalie, WEINZIERL",2013,WR,142.48
"Jenna, MCCORKELL",2013,WR,142.27
"Brooklee, HAN",2013,WR,141.88
"Sonia, LAFUENTE",2013,WR,139.66
"Kexin, ZHANG",2013,WR,137.41
"Kerstin, FRANK",2013,WR,127.98
"Mao, ASADA",2014,US,204.55
"Ashley, WAGNER",2014,US,193.81
"Elena, RADIONOVA",2014,US,183.95
"Elizaveta, TUKTAMISHEVA",2014,US,176.75
"Samantha, CESARIO",2014,US,167.98
"Mae Berenice, MEITE",2014,US,167.35
"Valentina, MARCHEI",2014,US,156.79
"Viktoria, HELGESSON",2014,US,152.34
"Elene, GEDEVANISHVILI",2014,US,149.44
"Caroline, ZHANG",2014,US,110.12
"Julia, LIPNITSKAIA",2014,CA,198.23
"Akiko, SUZUKI",2014,CA,193.75
"Gracie, GOLD",2014,CA,186.65
"Christina, GAO",2014,CA,173.69
"Amelie, LACOSTE",2014,CA,163.11
"Courtney, HICKS",2014,CA,162.0
"Natalia, POPOVA",2014,CA,145.88
"Veronik, MALLET",2014,CA,138.13
"Ashley, WAGNER",2014,FR,194.37
"Adelina, SOTNIKOVA",2014,FR,189.81
"Anna, POGORILAYA",2014,FR,184.69
"Samantha, CESARIO",2014,FR,172.7
"Mae Berenice, MEITE",2014,FR,166.11
"Amelie, LACOSTE",2014,FR,158.11
"Viktoria, HELGESSON",2014,FR,153.27
"Christina, GAO",2014,FR,152.85
"Natalia, POPOVA",2014,FR,136.43
"Julia, LIPNITSKAIA",2014,RU,190.8
"Carolina, KOSTNER",2014,RU,190.12
"Mirai, NAGASU",2014,RU,175.37
"Elizaveta, TUKTAMISHEVA",2014,RU,171.87
"Satoko, MIYAHARA",2014,RU,165.76
"Agnes, ZAWADZKI",2014,RU,163.21
"Kanako, MURAKAMI",2014,RU,162.46
"Nikol, GOSVIANI",2014,RU,157.17
"Haruka, IMAI",2014,RU,145.3
"Anna, POGORILAYA",2014,CN,178.62
"Adelina, SOTNIKOVA",2014,CN,174.7
"Carolina, KOSTNER",2014,CN,173.4
"Kanako, MURAKAMI",2014,CN,165.95
"Nikol, GOSVIANI",2014,CN,152.04
"Haruka, IMAI",2014,CN,150.3
"Agnes, ZAWADZKI",2014,CN,147.64
"Kexin, ZHANG",2014,CN,144.88
"Xiaowen, GUO",2014,CN,139.5
"Zijun, LI",2014,CN,138.98
"Mao, ASADA",2014,JP,207.59
"Elena, RADIONOVA",2014,JP,191.81
"Akiko, SUZUKI",2014,JP,179.32
"Gracie, GOLD",2014,JP,177.81
"Satoko, MIYAHARA",2014,JP,170.21
"Valentina, MARCHEI",2014,JP,168.95
"Alena, LEONOVA",2014,JP,161.94
"Mirai, NAGASU",2014,JP,141.71
"Elene, GEDEVANISHVILI",2014,JP,129.24
"Mao, ASADA",2014,FN,204.02
"Julia, LIPNITSKAIA",2014,FN,192.07
"Ashley, WAGNER",2014,FN,187.61
"Elena, RADIONOVA",2014,FN,183.02
"Adelina, SOTNIKOVA",2014,FN,173.3
"Anna, POGORILAYA",2014,FN,171.88
"Julia, LIPNITSKAIA",2014,EU,209.72
"Adelina, SOTNIKOVA",2014,EU,202.36
"Carolina, KOSTNER",2014,EU,191.39
"Alena, LEONOVA",2014,EU,178.15
"Mae Berenice, MEITE",2014,EU,173.37
"Valentina, MARCHEI",2014,EU,165.25
"Elena, GLEBOVA",2014,EU,155.71
"Nathalie, WEINZIERL",2014,EU,151.88
"Joshi, HELGESSON",2014,EU,146.45
"Elene, GEDEVANISHVILI",2014,EU,141.82
"Roberta, RODEGHIERO",2014,EU,141.25
"Juulia, TURKKILA",2014,EU,140.31
"Laurine, LECAVELIER",2014,EU,139.42
"Viktoria, HELGESSON",2014,EU,138.73
"Eliska, BREZINOVA",2014,EU,130.35
"Isabelle, OLSSON",2014,EU,129.39
"Nicole, RAJICOVA",2014,EU,128.25
"Inga, JANULEVICIUTE",2014,EU,126.2
"Anne Line, GJERSEM",2014,EU,125.58
"Kaat, VAN DAELE",2014,EU,123.05
"Agata, KRYGER",2014,EU,119.52
"Marta, GARCIA",2014,EU,118.11
"Natalia, POPOVA",2014,EU,112.26
"Jenna, MCCORKELL",2014,EU,110.19
"Kanako, MURAKAMI",2014,4C,196.91
"Satoko, MIYAHARA",2014,4C,186.53
"Zijun, LI",2014,4C,181.56
"Haruka, IMAI",2014,4C,175.4
"Courtney, HICKS",2014,4C,169.99
"Haejin, KIM",2014,4C,166.84
"Alaine, CHARTRAND",2014,4C,165.19
"Samantha, CESARIO",2014,4C,164.87
"Soyoun, PARK",2014,4C,162.71
"Mirai, NAGASU",2014,4C,159.78
"Kexin, ZHANG",2014,4C,157.57
"Amelie, LACOSTE",2014,4C,156.17
"Veronik, MALLET",2014,4C,154.03
"Brooklee, HAN",2014,4C,150.17
"Ziquan, ZHAO",2014,4C,142.32
"Tae Kyung, KIM",2014,4C,132.84
"Alisson Krystle, PERTICHETO",2014,4C,114.95
"Ami, PAREKH",2014,4C,110.66
"Reyna, HAMUI",2014,4C,110.26
"Crystal, KIANG",2014,4C,103.26
"Lejeanne, MARAIS",2014,4C,98.93
"Adelina, SOTNIKOVA",2014,OL,224.59
"Yuna, KIM",2014,OL,219.11
"Carolina, KOSTNER",2014,OL,216.73
"Gracie, GOLD",2014,OL,205.53
"Yulia, LIPNITSKAYA",2014,OL,200.57
"Mao, ASADA",2014,OL,198.22
"Ashley, WAGNER",2014,OL,193.2
"Akiko, SUZUKI",2014,OL,186.32
"Polina, EDMUNDS",2014,OL,183.25
"Mae Berenice, MEITE",2014,OL,174.53
"Valentina, MARCHEI",2014,OL,173.33
"Kanako, MURAKAMI",2014,OL,170.98
"Kaetlyn, OSMOND",2014,OL,168.98
"Zijun, LI",2014,OL,168.3
"Kexin, ZHANG",2014,OL,154.21
"Haejin, KIM",2014,OL,149.48
"Gabrielle, DALEMAN",2014,OL,148.44
"Nathalie, WEINZIERL",2014,OL,147.36
"Elene, GEDEVANISHVILI",2014,OL,147.15
"Brooklee, HAN",2014,OL,143.84
"Soyoun, PARK",2014,OL,142.97
"Elizaveta, UKOLOVA",2014,OL,136.42
"Anne Line, GJERSEM",2014,OL,134.54
"Nicole, RAJICOVA",2014,OL,125.0
"Mao, ASADA",2014,WR,216.69
"Julia, LIPNITSKAIA",2014,WR,207.5
"Carolina, KOSTNER",2014,WR,203.83
"Anna, POGORILAYA",2014,WR,197.5
"Gracie, GOLD",2014,WR,194.58
"Akiko, SUZUKI",2014,WR,193.72
"Ashley, WAGNER",2014,WR,193.16
"Polina, EDMUNDS",2014,WR,187.5
"Soyoun, PARK",2014,WR,176.61
"Kanako, MURAKAMI",2014,WR,172.44
"Kaetlyn, OSMOND",2014,WR,170.64
"Nathalie, WEINZIERL",2014,WR,167.72
"Gabrielle, DALEMAN",2014,WR,164.78
"Joshi, HELGESSON",2014,WR,162.91
"Mae Berenice, MEITE",2014,WR,158.72
"Valentina, MARCHEI",2014,WR,157.64
"Zijun, LI",2014,WR,150.34
"Eliska, BREZINOVA",2014,WR,145.15
"Brooklee, HAN",2014,WR,144.28
"Anna, OVCHAROVA",2014,WR,143.22
"Natalia, POPOVA",2014,WR,135.05
"Anne Line, GJERSEM",2014,WR,130.03
"Haejin, KIM",2014,WR,129.82
"Elena, RADIONOVA",2015,US,195.47
"Elizaveta, TUKTAMISHEVA",2015,US,189.62
"Gracie, GOLD",2015,US,179.38
"Samantha, CESARIO",2015,US,174.58
"Soyoun, PARK",2015,US,170.43
"Mirai, NAGASU",2015,US,158.21
"Elene, GEDEVANISHVILI",2015,US,158.1
"Haruka, IMAI",2015,US,157.97
"Mae Berenice, MEITE",2015,US,152.71
"Brooklee, HAN",2015,US,150.37
"Natalia, POPOVA",2015,US,148.15
"Anna, POGORILAYA",2015,CA,191.81
"Ashley, WAGNER",2015,CA,186.0
"Satoko, MIYAHARA",2015,CA,181.75
"Courtney, HICKS",2015,CA,174.51
"Rika, HONGO",2015,CA,171.47
"Alena, LEONOVA",2015,CA,164.15
"Alaine, CHARTRAND",2015,CA,156.22
"Brooklee, HAN",2015,CA,146.8
"Haejin, KIM",2015,CA,143.43
"Veronik, MALLET",2015,CA,142.25
"Viktoria, HELGESSON",2015,CA,139.67
"Julianne, SEGUIN",2015,CA,136.95
"Elena, RADIONOVA",2015,FR,203.92
"Julia, LIPNITSKAIA",2015,FR,185.18
"Ashley, WAGNER",2015,FR,177.74
"Courtney, HICKS",2015,FR,172.58
"Mae Berenice, MEITE",2015,FR,169.46
"Maria, ARTEMIEVA",2015,FR,162.49
"Samantha, CESARIO",2015,FR,161.7
"Haruka, IMAI",2015,FR,154.7
"Eliska, BREZINOVA",2015,FR,144.29
"Veronik, MALLET",2015,FR,139.64
"Laurine, LECAVELIER",2015,FR,139.54
"Anna, OVCHAROVA",2015,FR,133.23
"Rika, HONGO",2015,RU,178.0
"Anna, POGORILAYA",2015,RU,173.43
"Alaine, CHARTRAND",2015,RU,172.0
"Mirai, NAGASU",2015,RU,165.88
"Soyoun, PARK",2015,RU,163.24
"Miyabi, OBA",2015,RU,154.57
"Maria, STAVITSKAIA",2015,RU,153.49
"Ashley, CAIN",2015,RU,150.9
"Angela, WANG",2015,RU,150.75
"Maria, ARTEMIEVA",2015,RU,144.72
"Eliska, BREZINOVA",2015,RU,134.04
"Elizaveta, TUKTAMISHEVA",2015,CN,196.6
"Julia, LIPNITSKAIA",2015,CN,173.57
"Kanako, MURAKAMI",2015,CN,169.39
"Polina, EDMUNDS",2015,CN,161.27
"Gabrielle, DALEMAN",2015,CN,161.26
"Zijun, LI",2015,CN,152.62
"Viktoria, HELGESSON",2015,CN,143.95
"Haejin, KIM",2015,CN,137.62
"Christina, GAO",2015,CN,125.04
"Ashley, CAIN",2015,CN,124.81
"Anne Line, GJERSEM",2015,CN,122.78
"Gracie, GOLD",2015,JP,191.16
"Alena, LEONOVA",2015,JP,186.4
"Satoko, MIYAHARA",2015,JP,179.02
"Kanako, MURAKAMI",2015,JP,173.09
"Riona, KATO",2015,JP,168.38
"Gabrielle, DALEMAN",2015,JP,164.74
"Zijun, LI",2015,JP,162.9
"Polina, EDMUNDS",2015,JP,161.79
"Christina, GAO",2015,JP,147.51
"Elene, GEDEVANISHVILI",2015,JP,142.96
"Anna, OVCHAROVA",2015,JP,132.32
"Anne Line, GJERSEM",2015,JP,125.17
"Elizaveta, TUKTAMISHEVA",2015,FN,203.58
"Elena, RADIONOVA",2015,FN,198.74
"Ashley, WAGNER",2015,FN,189.5
"Anna, POGORILAYA",2015,FN,180.29
"Julia, LIPNITSKAIA",2015,FN,177.79
"Rika, HONGO",2015,FN,176.13
"Elizaveta, TUKTAMISHEVA",2015,EU,210.4
"Elena, RADIONOVA",2015,EU,209.54
"Anna, POGORILAYA",2015,EU,191.81
"Joshi, HELGESSON",2015,EU,169.07
"Viktoria, HELGESSON",2015,EU,166.39
"Mae Berenice, MEITE",2015,EU,156.47
"Angelina, KUCHVALSKA",2015,EU,156.37
"Roberta, RODEGHIERO",2015,EU,154.52
"Nicole, SCHOTT",2015,EU,153.63
"Laurine, LECAVELIER",2015,EU,151.43
"Nicole, RAJICOVA",2015,EU,149.44
"Nathalie, WEINZIERL",2015,EU,148.78
"Anastasia, GALUSTYAN",2015,EU,147.18
"Eveline, BRUNNER",2015,EU,143.97
"Eliska, BREZINOVA",2015,EU,143.05
"Natalia, POPOVA",2015,EU,138.27
"Kerstin, FRANK",2015,EU,133.72
"Sonia, LAFUENTE",2015,EU,131.6
"Aleksandra, GOLOVKINA",2015,EU,131.47
"Fleur, MAXWELL",2015,EU,128.47
"Camilla, GJERSEM",2015,EU,128.1
"Gerli, LIINAMÄE",2015,EU,124.31
"Elene, GEDEVANISHVILI",2015,EU,122.88
"Polina, EDMUNDS",2015,4C,184.02
"Satoko, MIYAHARA",2015,4C,181.59
"Rika, HONGO",2015,4C,177.44
"Gracie, GOLD",2015,4C,176.58
"Zijun, LI",2015,4C,175.92
"Yuka, NAGAI",2015,4C,168.09
"Gabrielle, DALEMAN",2015,4C,167.09
"Samantha, CESARIO",2015,4C,166.76
"Soyoun, PARK",2015,4C,163.75
"Alaine, CHARTRAND",2015,4C,161.22
"Haejin, KIM",2015,4C,147.3
"Kailani, CRAINE",2015,4C,142.16
"Song Joo, CHEA",2015,4C,139.09
"Veronik, MALLET",2015,4C,130.15
"Melissa, BULANHAGUI",2015,4C,126.32
"Alisson Krystle, PERTICHETO",2015,4C,115.87
"Brooklee, HAN",2015,4C,114.02
"Isadora, WILLIAMS",2015,4C,113.96
"Reyna, HAMUI",2015,4C,105.94
"Elizaveta, TUKTAMISHEVA",2015,WR,210.36
"Satoko, MIYAHARA",2015,WR,193.6
"Elena, RADIONOVA",2015,WR,191.47
"Gracie, GOLD",2015,WR,188.96
"Ashley, WAGNER",2015,WR,185.01
"Rika, HONGO",2015,WR,184.58
"Kanako, MURAKAMI",2015,WR,179.66
"Polina, EDMUNDS",2015,WR,177.83
"Zijun, LI",2015,WR,165.22
"Mae Berenice, MEITE",2015,WR,162.75
"Alaine, CHARTRAND",2015,WR,161.18
"Soyoun, PARK",2015,WR,160.75
"Anna, POGORILAYA",2015,WR,160.31
"Joshi, HELGESSON",2015,WR,155.35
"Nicole, RAJICOVA",2015,WR,152.61
"Angelina, KUCHVALSKA",2015,WR,141.54
"Anne Line, GJERSEM",2015,WR,139.75
"Dasa, GRM",2015,WR,137.45
"Haejin, KIM",2015,WR,136.24
"Roberta, RODEGHIERO",2015,WR,134.74
"Gabrielle, DALEMAN",2015,WR,133.57
"Elene, GEDEVANISHVILI",2015,WR,132.25
"Nicole, SCHOTT",2015,WR,127.56
"Giada, RUSSO",2015,WR,120.11
"Evgenia, MEDVEDEVA",2016,US,206.01
"Gracie, GOLD",2016,US,202.8
"Satoko, MIYAHARA",2016,US,188.07
"Elizabet, TURSYNBAEVA",2016,US,178.56
"Karen, CHEN",2016,US,172.54
"Julia, LIPNITSKAIA",2016,US,170.63
"Nicole, RAJICOVA",2016,US,167.32
"Mariah, BELL",2016,US,160.94
"Soyoun, PARK",2016,US,159.66
"Haruka, IMAI",2016,US,158.65
"Miyu, NAKASHIO",2016,US,153.29
"Alaine, CHARTRAND",2016,US,148.2
"Ashley, WAGNER",2016,CA,202.52
"Elizaveta, TUKTAMISHEVA",2016,CA,188.99
"Yuka, NAGAI",2016,CA,172.92
"Kanako, MURAKAMI",2016,CA,171.59
"Gabrielle, DALEMAN",2016,CA,170.33
"Polina, EDMUNDS",2016,CA,168.69
"Elizabet, TURSYNBAEVA",2016,CA,165.16
"Alena, LEONOVA",2016,CA,160.37
"Joshi, HELGESSON",2016,CA,155.7
"Veronik, MALLET",2016,CA,151.85
"Kaetlyn, OSMOND",2016,CA,146.06
"Isabelle, OLSSON",2016,CA,141.58
"Elena, RADIONOVA",2016,RU,211.32
"Evgenia, MEDVEDEVA",2016,RU,206.76
"Adelina, SOTNIKOVA",2016,RU,185.11
"Polina, EDMUNDS",2016,RU,183.2
"Rika, HONGO",2016,RU,179.12
"Alaine, CHARTRAND",2016,RU,173.42
"Roberta, RODEGHIERO",2016,RU,162.72
"Yuka, NAGAI",2016,RU,159.62
"Joshi, HELGESSON",2016,RU,157.54
"Riona, KATO",2016,RU,155.56
"Hannah, MILLER",2016,RU,145.21
"Dasa, GRM",2016,RU,137.56
"Mao, ASADA",2016,CN,197.48
"Rika, HONGO",2016,CN,195.76
"Elena, RADIONOVA",2016,CN,184.28
"Anna, POGORILAYA",2016,CN,184.16
"Karen, CHEN",2016,CN,175.93
"Courtney, HICKS",2016,CN,166.0
"Nicole, RAJICOVA",2016,CN,165.26
"Soyoun, PARK",2016,CN,164.28
"Zijun, LI",2016,CN,159.13
"Hannah, MILLER",2016,CN,151.73
"Ziquan, ZHAO",2016,CN,139.77
"Lu, ZHENG",2016,CN,130.32
"Satoko, MIYAHARA",2016,JP,203.11
"Courtney, HICKS",2016,JP,183.12
"Mao, ASADA",2016,JP,182.99
"Ashley, WAGNER",2016,JP,179.33
"Mirai, NAGASU",2016,JP,175.64
"Kaetlyn, OSMOND",2016,JP,168.48
"Zijun, LI",2016,JP,166.4
"Alena, LEONOVA",2016,JP,165.75
"Anna, POGORILAYA",2016,JP,164.63
"Mariko, KIHARA",2016,JP,163.19
"Maria, ARTEMIEVA",2016,JP,158.33
"Evgenia, MEDVEDEVA",2016,FN,222.54
"Satoko, MIYAHARA",2016,FN,208.85
"Elena, RADIONOVA",2016,FN,201.13
"Ashley, WAGNER",2016,FN,199.81
"Gracie, GOLD",2016,FN,194.79
"Mao, ASADA",2016,FN,194.32
"Evgenia, MEDVEDEVA",2016,EU,215.45
"Elena, RADIONOVA",2016,EU,209.99
"Anna, POGORILAYA",2016,EU,187.05
"Angelina, KUCHVALSKA",2016,EU,176.99
"Roberta, RODEGHIERO",2016,EU,170.76
"Mae Berenice, MEITE",2016,EU,161.23
"Nathalie, WEINZIERL",2016,EU,160.64
"Viveca, LINDFORS",2016,EU,155.49
"Joshi, HELGESSON",2016,EU,153.29
"Laurine, LECAVELIER",2016,EU,152.34
"Ivett, TOTH",2016,EU,150.65
"Nicole, RAJICOVA",2016,EU,146.1
"Matilda, ALGOTSSON",2016,EU,145.32
"Giada, RUSSO",2016,EU,143.4
"Anastasia, GALUSTYAN",2016,EU,143.05
"Aleksandra, GOLOVKINA",2016,EU,139.83
"Anne Line, GJERSEM",2016,EU,139.48
"Fleur, MAXWELL",2016,EU,137.76
"Helery, HÄLVIN",2016,EU,135.02
"Niki, WORIES",2016,EU,131.87
"Anna, KHNYCHENKOVA",2016,EU,128.8
"Kerstin, FRANK",2016,EU,128.08
"Eliska, BREZINOVA",2016,EU,121.26
"Isabelle, OLSSON",2016,EU,117.5
"Satoko, MIYAHARA",2016,4C,214.91
"Mirai, NAGASU",2016,4C,193.86
"Rika, HONGO",2016,4C,181.78
"Soyoun, PARK",2016,4C,178.92
"Gracie, GOLD",2016,4C,178.39
"Kaetlyn, OSMOND",2016,4C,175.63
"Kanako, MURAKAMI",2016,4C,175.12
"Dabin, CHOI",2016,4C,173.71
"Nahyun, KIM",2016,4C,170.7
"Zijun, LI",2016,4C,167.88
"Alaine, CHARTRAND",2016,4C,165.73
"Karen, CHEN",2016,4C,161.52
"Kailani, CRAINE",2016,4C,157.82
"Veronik, MALLET",2016,4C,155.98
"Amy, LIN",2016,4C,155.61
"Ziquan, ZHAO",2016,4C,147.79
"Brooklee, HAN",2016,4C,135.75
"Michaela, DU TOIT",2016,4C,121.12
"Lu, ZHENG",2016,4C,118.73
"Maisy Hiu Ching, MA",2016,4C,115.1
"Katie, PASFIELD",2016,4C,95.78
"Thita, LAMSAM",2016,4C,89.56
"Evgenia, MEDVEDEVA",2016,WR,223.86
"Ashley, WAGNER",2016,WR,215.39
"Anna, POGORILAYA",2016,WR,213.69
"Gracie, GOLD",2016,WR,211.29
"Satoko, MIYAHARA",2016,WR,210.61
"Elena, RADIONOVA",2016,WR,209.81
"Mao, ASADA",2016,WR,200.3
"Rika, HONGO",2016,WR,199.15
"Gabrielle, DALEMAN",2016,WR,195.68
"Mirai, NAGASU",2016,WR,186.65
"Zijun, LI",2016,WR,184.52
"Elizabet, TURSYNBAEVA",2016,WR,183.62
"Nicole, RAJICOVA",2016,WR,173.05
"Dabin, CHOI",2016,WR,159.92
"Angelina, KUCHVALSKA",2016,WR,158.99
"Roberta, RODEGHIERO",2016,WR,158.41
"Alaine, CHARTRAND",2016,WR,157.82
"Soyoun, PARK",2016,WR,154.24
"Anna, KHNYCHENKOVA",2016,WR,154.02
"Viveca, LINDFORS",2016,WR,152.93
"Amy, LIN",2016,WR,146.55
"Niki, WORIES",2016,WR,140.87
"Ziquan, ZHAO",2016,WR,139.67
"Anastasia, GALUSTYAN",2016,WR,136.07
"Ashley, WAGNER",2017,US,196.44
"Mariah, BELL",2017,US,191.59
"Mai, MIHARA",2017,US,189.28
"Gabrielle, DALEMAN",2017,US,186.63
"Gracie, GOLD",2017,US,184.22
"Mao, ASADA",2017,US,176.78
"Serafima, SAKHANOVICH",2017,US,163.84
"Soyoun, PARK",2017,US,161.36
"Roberta, RODEGHIERO",2017,US,149.13
"Kanako, MURAKAMI",2017,US,145.03
"Angelina, KUCHVALSKA",2017,US,134.97
"Evgenia, MEDVEDEVA",2017,CA,220.65
"Kaetlyn, OSMOND",2017,CA,206.45
"Satoko, MIYAHARA",2017,CA,192.08
"Elizaveta, TUKTAMISHEVA",2017,CA,187.99
"Alaine, CHARTRAND",2017,CA,185.56
"Rika, HONGO",2017,CA,171.19
"Dabin, CHOI",2017,CA,165.78
"Nahyun, KIM",2017,CA,164.48
"Mirai, NAGASU",2017,CA,151.42
"Joshi, HELGESSON",2017,CA,149.77
"Yuka, NAGAI",2017,CA,147.56
"Evgenia, MEDVEDEVA",2017,FR,221.54
"Maria, SOTSKOVA",2017,FR,200.35
"Wakaba, HIGUCHI",2017,FR,194.48
"Gabrielle, DALEMAN",2017,FR,192.1
"Soyoun, PARK",2017,FR,185.19
"Laurine, LECAVELIER",2017,FR,184.65
"Mae Berenice, MEITE",2017,FR,172.65
"Gracie, GOLD",2017,FR,165.89
"Mao, ASADA",2017,FR,161.39
"Yuka, NAGAI",2017,FR,159.49
"Anastasia, GALUSTYAN",2017,FR,155.49
"Alena, LEONOVA",2017,FR,141.36
"Anna, POGORILAYA",2017,RU,215.21
"Elena, RADIONOVA",2017,RU,195.6
"Courtney, HICKS",2017,RU,182.98
"Zijun, LI",2017,RU,181.83
"Elizabet, TURSYNBAEVA",2017,RU,181.32
"Yura, MATSUDA",2017,RU,177.65
"Nicole, RAJICOVA",2017,RU,167.56
"Roberta, RODEGHIERO",2017,RU,159.8
"Anastasia, GALUSTYAN",2017,RU,159.26
"Angelina, KUCHVALSKA",2017,RU,151.09
"Kanako, MURAKAMI",2017,RU,151.03
"Julia, LIPNITSKAIA",2017,RU,148.13
"Elena, RADIONOVA",2017,CN,205.9
"Kaetlyn, OSMOND",2017,CN,196.0
"Elizaveta, TUKTAMISHEVA",2017,CN,192.57
"Mai, MIHARA",2017,CN,190.92
"Rika, HONGO",2017,CN,181.75
"Ashley, WAGNER",2017,CN,181.38
"Karen, CHEN",2017,CN,179.39
"Zijun, LI",2017,CN,172.4
"Courtney, HICKS",2017,CN,163.64
"Xiangning, LI",2017,CN,157.27
"Ziquan, ZHAO",2017,CN,149.12
"Joshi, HELGESSON",2017,CN,144.64
"Anna, POGORILAYA",2017,JP,210.86
"Satoko, MIYAHARA",2017,JP,198.0
"Maria, SOTSKOVA",2017,JP,195.88
"Wakaba, HIGUCHI",2017,JP,185.39
"Mirai, NAGASU",2017,JP,180.33
"Karen, CHEN",2017,JP,178.45
"Yura, MATSUDA",2017,JP,178.26
"Elizabet, TURSYNBAEVA",2017,JP,175.11
"Dabin, CHOI",2017,JP,165.63
"Alaine, CHARTRAND",2017,JP,160.22
"Nicole, RAJICOVA",2017,JP,159.7
"Evgenia, MEDVEDEVA",2017,FN,227.66
"Satoko, MIYAHARA",2017,FN,218.33
"Anna, POGORILAYA",2017,FN,216.47
"Kaetlyn, OSMOND",2017,FN,212.45
"Maria, SOTSKOVA",2017,FN,198.79
"Elena, RADIONOVA",2017,FN,188.81
"Evgenia, MEDVEDEVA",2017,EU,229.71
"Anna, POGORILAYA",2017,EU,211.39
"Carolina, KOSTNER",2017,EU,210.52
"Maria, SOTSKOVA",2017,EU,192.52
"Laurine, LECAVELIER",2017,EU,188.1
"Nicole, RAJICOVA",2017,EU,179.7
"Loena, HENDRICKX",2017,EU,172.71
"Ivett, TOTH",2017,EU,172.65
"Roberta, RODEGHIERO",2017,EU,161.0
"Nicole, SCHOTT",2017,EU,160.63
"Emmi, PELTONEN",2017,EU,160.57
"Anastasia, GALUSTYAN",2017,EU,155.14
"Matilda, ALGOTSSON",2017,EU,154.63
"Joshi, HELGESSON",2017,EU,152.86
"Helery, HÄLVIN",2017,EU,146.68
"Mae Berenice, MEITE",2017,EU,145.07
"Nathalie, WEINZIERL",2017,EU,143.4
"Natasha, MCKAY",2017,EU,140.85
"Angelina, KUCHVALSKA",2017,EU,139.63
"Michaela-Lucie, HANZLIKOVA",2017,EU,138.23
"Anna, KHNYCHENKOVA",2017,EU,136.57
"Kerstin, FRANK",2017,EU,132.08
"Viveca, LINDFORS",2017,EU,130.1
"Anne Line, GJERSEM",2017,EU,128.68
"Mai, MIHARA",2017,4C,200.85
"Gabrielle, DALEMAN",2017,4C,196.91
"Mirai, NAGASU",2017,4C,194.95
"Kaetlyn, OSMOND",2017,4C,184.17
"Dabin, CHOI",2017,4C,182.41
"Mariah, BELL",2017,4C,177.1
"Zijun, LI",2017,4C,177.05
"Elizabet, TURSYNBAEVA",2017,4C,176.65
"Wakaba, HIGUCHI",2017,4C,172.05
"Rika, HONGO",2017,4C,167.42
"Alaine, CHARTRAND",2017,4C,167.12
"Karen, CHEN",2017,4C,166.82
"Xiangning, LI",2017,4C,164.85
"Brooklee, HAN",2017,4C,152.05
"Ziquan, ZHAO",2017,4C,147.37
"Kailani, CRAINE",2017,4C,136.91
"Amy, LIN",2017,4C,125.02
"Maisy Hiu Ching, MA",2017,4C,124.65
"Suh Hyun, SON",2017,4C,122.35
"Chloe, ING",2017,4C,120.18
"Shuran, YU",2017,4C,118.4
"Evgenia, MEDVEDEVA",2017,WR,233.41
"Kaetlyn, OSMOND",2017,WR,218.13
"Gabrielle, DALEMAN",2017,WR,213.52
"Karen, CHEN",2017,WR,199.29
"Mai, MIHARA",2017,WR,197.88
"Carolina, KOSTNER",2017,WR,196.83
"Ashley, WAGNER",2017,WR,193.54
"Maria, SOTSKOVA",2017,WR,192.2
"Elizabet, TURSYNBAEVA",2017,WR,191.99
"Dabin, CHOI",2017,WR,191.11
"Wakaba, HIGUCHI",2017,WR,188.05
"Mariah, BELL",2017,WR,187.23
"Anna, POGORILAYA",2017,WR,183.37
"Xiangning, LI",2017,WR,175.37
"Loena, HENDRICKX",2017,WR,172.82
"Rika, HONGO",2017,WR,169.83
"Nicole, RAJICOVA",2017,WR,165.55
"Laurine, LECAVELIER",2017,WR,162.99
"Nicole, SCHOTT",2017,WR,161.41
"Ivett, TOTH",2017,WR,160.77
"Zijun, LI",2017,WR,159.8
"Angelina, KUCHVALSKA",2017,WR,155.02
"Anastasia, GALUSTYAN",2017,WR,153.47
"Kailani, CRAINE",2017,WR,152.94
"Satoko, MIYAHARA",2018,US,214.03
"Kaori, SAKAMOTO",2018,US,210.59
"Bradie, TENNELL",2018,US,204.1
"Polina, TSURSKAYA",2018,US,195.56
"Serafima, SAKHANOVICH",2018,US,189.75
"Gabrielle, DALEMAN",2018,US,189.14
"Alena, LEONOVA",2018,US,185.93
"Karen, CHEN",2018,US,182.8
"Nicole, RAJICOVA",2018,US,167.61
"Xiangning, LI",2018,US,164.32
"Kaetlyn, OSMOND",2018,CA,212.91
"Maria, SOTSKOVA",2018,CA,192.52
"Ashley, WAGNER",2018,CA,183.94
"Courtney, HICKS",2018,CA,182.57
"Marin, HONDA",2018,CA,178.24
"Rika, HONGO",2018,CA,176.34
"Karen, CHEN",2018,CA,170.4
"Laurine, LECAVELIER",2018,CA,166.43
"Anna, POGORILAYA",2018,CA,156.89
"Kailani, CRAINE",2018,CA,143.03
"Alaine, CHARTRAND",2018,CA,134.17
"Larkyn, AUSTMAN",2018,CA,123.56
"Alina, ZAGITOVA",2018,FR,213.8
"Maria, SOTSKOVA",2018,FR,208.78
"Kaetlyn, OSMOND",2018,FR,206.77
"Mai, MIHARA",2018,FR,202.12
"Elizabet, TURSYNBAEVA",2018,FR,200.98
"Yuna, SHIRAIWA",2018,FR,193.18
"Nicole, SCHOTT",2018,FR,172.39
"Mae Berenice, MEITE",2018,FR,171.4
"Elizaveta, TUKTAMISHEVA",2018,FR,167.65
"Polina, EDMUNDS",2018,FR,157.77
"Laurine, LECAVELIER",2018,FR,154.35
"Evgenia, MEDVEDEVA",2018,RU,231.21
"Carolina, KOSTNER",2018,RU,215.98
"Wakaba, HIGUCHI",2018,RU,207.17
"Elena, RADIONOVA",2018,RU,195.52
"Kaori, SAKAMOTO",2018,RU,194.0
"Mariah, BELL",2018,RU,188.56
"Valeriia, MIKHAILOVA",2018,RU,185.09
"Elizabet, TURSYNBAEVA",2018,RU,184.95
"Mirai, NAGASU",2018,RU,178.25
"Nicole, SCHOTT",2018,RU,168.72
"Mae Berenice, MEITE",2018,RU,160.96
"Anastasia, GALUSTYAN",2018,RU,154.9
"Alina, ZAGITOVA",2018,CN,213.88
"Wakaba, HIGUCHI",2018,CN,212.52
"Elena, RADIONOVA",2018,CN,206.82
"Mai, MIHARA",2018,CN,206.07
"Marin, HONDA",2018,CN,198.32
"Gabrielle, DALEMAN",2018,CN,196.83
"Elizaveta, TUKTAMISHEVA",2018,CN,196.68
"Xiangning, LI",2018,CN,174.82
"Dabin, CHOI",2018,CN,165.99
"Amber, GLENN",2018,CN,151.14
"Ziquan, ZHAO",2018,CN,144.71
"Evgenia, MEDVEDEVA",2018,JP,224.39
"Carolina, KOSTNER",2018,JP,212.24
"Polina, TSURSKAYA",2018,JP,210.19
"Mirai, NAGASU",2018,JP,194.46
"Satoko, MIYAHARA",2018,JP,191.8
"Alena, LEONOVA",2018,JP,190.95
"Rika, HONGO",2018,JP,187.83
"Yuna, SHIRAIWA",2018,JP,171.94
"Mariah, BELL",2018,JP,166.04
"Nicole, RAJICOVA",2018,JP,159.78
"Alaine, CHARTRAND",2018,JP,159.36
"Soyoun, PARK",2018,JP,135.79
"Alina, ZAGITOVA",2018,FN,223.3
"Maria, SOTSKOVA",2018,FN,216.28
"Kaetlyn, OSMOND",2018,FN,215.16
"Carolina, KOSTNER",2018,FN,214.65
"Satoko, MIYAHARA",2018,FN,213.49
"Wakaba, HIGUCHI",2018,FN,202.11
"Alina, ZAGITOVA",2018,EU,238.24
"Evgenia, MEDVEDEVA",2018,EU,232.86
"Carolina, KOSTNER",2018,EU,204.25
"Maria, SOTSKOVA",2018,EU,200.81
"Loena, HENDRICKX",2018,EU,176.91
"Nicole, RAJICOVA",2018,EU,171.9
"Alexia, PAGANINI",2018,EU,161.62
"Mae Berenice, MEITE",2018,EU,159.7
"Emmi, PELTONEN",2018,EU,159.48
"Nicole, SCHOTT",2018,EU,157.84
"Laurine, LECAVELIER",2018,EU,154.11
"Eliska, BREZINOVA",2018,EU,149.69
"Ivett, TOTH",2018,EU,148.98
"Viveca, LINDFORS",2018,EU,147.89
"Micol, CRISTINI",2018,EU,147.8
"Lea Johanna, DASTICH",2018,EU,146.82
"Anita, ÖSTLUND",2018,EU,145.14
"Anne Line, GJERSEM",2018,EU,142.68
"Giada, RUSSO",2018,EU,142.38
"Dasa, GRM",2018,EU,137.31
"Pernille, SORENSEN",2018,EU,133.94
"Elzbieta, KROPA",2018,EU,133.87
"Anna, KHNYCHENKOVA",2018,EU,132.7
"Silvia, HUGEC",2018,EU,123.45
"Kaori, SAKAMOTO",2018,4C,214.21
"Mai, MIHARA",2018,4C,210.57
"Satoko, MIYAHARA",2018,4C,207.02
"Dabin, CHOI",2018,4C,190.23
"Mariah, BELL",2018,4C,185.84
"Hanul, KIM",2018,4C,173.1
"Starr, ANDREWS",2018,4C,172.65
"Alaine, CHARTRAND",2018,4C,172.41
"Angela, WANG",2018,4C,161.04
"Xiangning, LI",2018,4C,160.4
"Soyoun, PARK",2018,4C,159.48
"Elizabet, TURSYNBAEVA",2018,4C,156.19
"Alicia, PINEAULT",2018,4C,152.81
"Brooklee, HAN",2018,4C,150.65
"Michele, LONG",2018,4C,147.5
"Kailani, CRAINE",2018,4C,141.04
"Ziquan, ZHAO",2018,4C,139.01
"Amy, LIN",2018,4C,137.4
"Chloe, ING",2018,4C,129.7
"Aiza, MAMBEKOVA",2018,4C,121.0
"Joanna, SO",2018,4C,107.69
"Natalie, SANGKAGALO",2018,4C,93.61
"Thita, LAMSAM",2018,4C,79.33
"Alina, ZAGITOVA",2018,OL,239.57
"Evgenia, MEDVEDEVA",2018,OL,238.26
"Kaetlyn, OSMOND",2018,OL,231.02
"Satoko, MIYAHARA",2018,OL,222.38
"Carolina, KOSTNER",2018,OL,212.44
"Kaori, SAKAMOTO",2018,OL,209.71
"Dabin, CHOI",2018,OL,199.26
"Maria, SOTSKOVA",2018,OL,198.1
"Bradie, TENNELL",2018,OL,192.35
"Mirai, NAGASU",2018,OL,186.54
"Karen, CHEN",2018,OL,185.65
"Elizabet, TURSYNBAEVA",2018,OL,177.12
"Hanul, KIM",2018,OL,175.71
"Nicole, RAJICOVA",2018,OL,175.19
"Gabrielle, DALEMAN",2018,OL,172.46
"Loena, HENDRICKX",2018,OL,171.88
"Kailani, CRAINE",2018,OL,168.61
"Nicole, SCHOTT",2018,OL,168.46
"Mae Berenice, MEITE",2018,OL,159.92
"Emmi, PELTONEN",2018,OL,157.14
"Alexia, PAGANINI",2018,OL,156.26
"Xiangning, LI",2018,OL,154.43
"Ivett, TOTH",2018,OL,150.43
"Isadora, WILLIAMS",2018,OL,144.18
"Kaetlyn, OSMOND",2018,WR,223.23
"Wakaba, HIGUCHI",2018,WR,210.9
"Satoko, MIYAHARA",2018,WR,210.08
"Carolina, KOSTNER",2018,WR,208.88
"Alina, ZAGITOVA",2018,WR,207.72
"Bradie, TENNELL",2018,WR,199.89
"Gabrielle, DALEMAN",2018,WR,196.72
"Maria, SOTSKOVA",2018,WR,196.61
"Loena, HENDRICKX",2018,WR,192.31
"Mirai, NAGASU",2018,WR,187.52
"Elizabet, TURSYNBAEVA",2018,WR,186.85
"Mariah, BELL",2018,WR,174.4
"Nicole, SCHOTT",2018,WR,174.13
"Laurine, LECAVELIER",2018,WR,173.23
"Hanul, KIM",2018,WR,170.68
"Viveca, LINDFORS",2018,WR,166.23
"Kailani, CRAINE",2018,WR,154.41
"Eliska, BREZINOVA",2018,WR,153.14
"Stanislava, KONSTANTINOVA",2018,WR,153.03
"Alexia, PAGANINI",2018,WR,149.66
"Elisabetta, LECCARDI",2018,WR,149.17
"Dasa, GRM",2018,WR,144.51
"Ivett, TOTH",2018,WR,136.87
"Dabin, CHOI",2018,WR,5530.0
"Satoko, MIYAHARA",2019,US,219.71
"Kaori, SAKAMOTO",2019,US,213.9
"Sofia, SAMODUROVA",2019,US,198.7
"Bradie, TENNELL",2019,US,192.89
"Laurine, LECAVELIER",2019,US,172.41
"Megan, WESSENBERG",2019,US,170.33
"Polina, TSURSKAYA",2019,US,159.45
"Marin, HONDA",2019,US,158.04
"Alaine, CHARTRAND",2019,US,155.49
"Starr, ANDREWS",2019,US,150.56
"Elizaveta, TUKTAMISHEVA",2019,CA,203.32
"Mako, YAMASHITA",2019,CA,203.06
"Evgenia, MEDVEDEVA",2019,CA,197.91
"Mariah, BELL",2019,CA,190.25
"Elizabet, TURSYNBAEVA",2019,CA,185.71
"Wakaba, HIGUCHI",2019,CA,181.29
"Starr, ANDREWS",2019,CA,174.72
"Alaine, CHARTRAND",2019,CA,172.17
"Daria, PANENKOVA",2019,CA,168.54
"Alicia, PINEAULT",2019,CA,158.29
"Yura, MATSUDA",2019,CA,157.59
"Rika, KIHIRA",2019,FR,205.92
"Mai, MIHARA",2019,FR,202.81
"Bradie, TENNELL",2019,FR,197.78
"Evgenia, MEDVEDEVA",2019,FR,192.81
"Stanislava, KONSTANTINOVA",2019,FR,189.67
"Marin, HONDA",2019,FR,188.61
"Maria, SOTSKOVA",2019,FR,177.59
"Mae Berenice, MEITE",2019,FR,168.02
"Laurine, LECAVELIER",2019,FR,157.24
"Alexia, PAGANINI",2019,FR,156.51
"Lea, SERNA",2019,FR,149.49
"Matilda, ALGOTSSON",2019,FR,146.35
"Alina, ZAGITOVA",2019,RU,222.95
"Sofia, SAMODUROVA",2019,RU,198.01
"Eunsoo, LIM",2019,RU,185.67
"Alexia, PAGANINI",2019,RU,182.5
"Yuna, SHIRAIWA",2019,RU,180.93
"Elizabet, TURSYNBAEVA",2019,RU,180.45
"Mako, YAMASHITA",2019,RU,161.22
"Polina, TSURSKAYA",2019,RU,149.45
"Yura, MATSUDA",2019,RU,137.99
"Rika, KIHIRA",2019,JP,224.31
"Satoko, MIYAHARA",2019,JP,219.47
"Elizaveta, TUKTAMISHEVA",2019,JP,219.02
"Mai, MIHARA",2019,JP,204.2
"Mariah, BELL",2019,JP,198.96
"Eunsoo, LIM",2019,JP,196.31
"Alena, LEONOVA",2019,JP,194.15
"Courtney, HICKS",2019,JP,178.07
"Maria, SOTSKOVA",2019,JP,176.99
"Mae Berenice, MEITE",2019,JP,162.58
"Angela, WANG",2019,JP,159.36
"Kailani, CRAINE",2019,JP,154.22
"Alina, ZAGITOVA",2019,FI,215.29
"Stanislava, KONSTANTINOVA",2019,FI,197.57
"Kaori, SAKAMOTO",2019,FI,197.42
"Yuna, SHIRAIWA",2019,FI,191.46
"Loena, HENDRICKX",2019,FI,191.22
"Daria, PANENKOVA",2019,FI,161.48
"Hanul, KIM",2019,FI,160.15
"Viveca, LINDFORS",2019,FI,159.62
"Emmi, PELTONEN",2019,FI,158.72
"Rika, HONGO",2019,FI,156.59
"Angela, WANG",2019,FI,149.57
"Rika, KIHIRA",2019,FN,233.12
"Alina, ZAGITOVA",2019,FN,226.53
"Elizaveta, TUKTAMISHEVA",2019,FN,215.32
"Kaori, SAKAMOTO",2019,FN,211.68
"Sofia, SAMODUROVA",2019,FN,204.33
"Satoko, MIYAHARA",2019,FN,201.31
"Sofia, SAMODUROVA",2019,EU,213.84
"Alina, ZAGITOVA",2019,EU,198.34
"Viveca, LINDFORS",2019,EU,194.4
"Stanislava, KONSTANTINOVA",2019,EU,189.72
"Laurine, LECAVELIER",2019,EU,180.05
"Alexia, PAGANINI",2019,EU,179.9
"Mae Berenice, MEITE",2019,EU,177.1
"Emmi, PELTONEN",2019,EU,170.03
"Nicole, RAJICOVA",2019,EU,169.03
"Eliska, BREZINOVA",2019,EU,166.77
"Alexandra, FEIGIN",2019,EU,164.2
"Ekaterina, RYABOVA",2019,EU,163.17
"Ivett, TOTH",2019,EU,160.83
"Julia, SAUTER",2019,EU,153.15
"Yasmine Kimiko, YAMADA",2019,EU,151.12
"Nicole, SCHOTT",2019,EU,149.26
"Dasa, GRM",2019,EU,147.29
"Anita, ÖSTLUND",2019,EU,144.66
"Lucrezia, GENNARO",2019,EU,143.1
"Natasha, MCKAY",2019,EU,140.08
"Nathalie, WEINZIERL",2019,EU,134.58
"Anastasia, GALUSTYAN",2019,EU,132.63
"Pernille, SORENSEN",2019,EU,131.78
"Antonina, DUBININA",2019,EU,120.25
"Rika, KIHIRA",2019,4C,221.99
"Elizabet, TURSYNBAEVA",2019,4C,207.46
"Mai, MIHARA",2019,4C,207.12
"Kaori, SAKAMOTO",2019,4C,206.79
"Bradie, TENNELL",2019,4C,202.07
"Mariah, BELL",2019,4C,193.94
"Eunsoo, LIM",2019,4C,191.85
"Yelim, KIM",2019,4C,187.93
"Veronik, MALLET",2019,4C,170.46
"Larkyn, AUSTMAN",2019,4C,165.21
"Ting, CUI",2019,4C,164.84
"Yi Christy, LEUNG",2019,4C,164.79
"Hanul, KIM",2019,4C,162.48
"Hongyi, CHEN",2019,4C,150.5
"Kailani, CRAINE",2019,4C,149.52
"Alaine, CHARTRAND",2019,4C,147.54
"Isadora, WILLIAMS",2019,4C,138.26
"Alisson Krystle, PERTICHETO",2019,4C,136.97
"Amy, LIN",2019,4C,134.56
"Andrea, MONTESINOS CANTU",2019,4C,124.51
"Joanna, SO",2019,4C,117.82
"Alina, ZAGITOVA",2019,WR,237.5
"Elizabet, TURSYNBAEVA",2019,WR,224.76
"Evgenia, MEDVEDEVA",2019,WR,223.8
"Rika, KIHIRA",2019,WR,223.49
"Kaori, SAKAMOTO",2019,WR,222.83
"Satoko, MIYAHARA",2019,WR,215.95
"Bradie, TENNELL",2019,WR,213.47
"Sofia, SAMODUROVA",2019,WR,208.58
"Mariah, BELL",2019,WR,208.07
"Eunsoo, LIM",2019,WR,205.57
"Gabrielle, DALEMAN",2019,WR,192.67
"Loena, HENDRICKX",2019,WR,186.29
"Ekaterina, RYABOVA",2019,WR,179.88
"Yi Christy, LEUNG",2019,WR,177.22
"Laurine, LECAVELIER",2019,WR,170.59
"Nicole, SCHOTT",2019,WR,170.56
"Alexandra, FEIGIN",2019,WR,165.31
"Dasa, GRM",2019,WR,161.16
"Hongyi, CHEN",2019,WR,157.59
"Eliska, BREZINOVA",2019,WR,153.45
"Natasha, MCKAY",2019,WR,151.56
"Eva Lotta, KIIBUS",2019,WR,149.99
"Alaine, CHARTRAND",2019,WR,148.97
"Isadora, WILLIAMS",2019,WR,143.22
